{
  "AD": {
    "06": "Sant Julià de Loria",
    "05": "Ordino",
    "04": "La Massana",
    "03": "Encamp",
    "02": "Canillo",
    "07": "Andorra la Vella",
    "08": "Escaldes-Engordany"
  },
  "AE": {
    "07": "Umm al Qaywayn",
    "05": "Ras Al Khaimah",
    "03": "Dubai",
    "06": "Sharjah",
    "04": "Fujairah",
    "02": "Ajman",
    "01": "Abu Dhabi"
  },
  "AF": {
    "28": "Zabul",
    "27": "Maidan Wardak Province",
    "26": "Takhar",
    "33": "Sar-e Pol Province",
    "32": "Samangan",
    "40": "Parwan",
    "29": "Paktika",
    "36": "Paktia",
    "39": "Oruzgan",
    "19": "Nimroz",
    "18": "Nangarhar",
    "17": "Logar",
    "35": "Laghman",
    "24": "Kunduz",
    "34": "Kunar",
    "14": "Kapisa",
    "23": "Kandahar",
    "13": "Kabul",
    "31": "Jowzjan",
    "11": "Herat",
    "10": "Helmand",
    "09": "Ghowr",
    "08": "Ghazni",
    "07": "Faryab",
    "06": "Farah",
    "05": "Bamyan",
    "30": "Balkh",
    "03": "Baghlan",
    "02": "Badghis",
    "01": "Badakhshan",
    "37": "Khowst",
    "38": "Nuristan",
    "41": "Daykundi",
    "42": "Panjshir"
  },
  "AG": {
    "08": "Saint Philip Parish",
    "07": "Saint Peter Parish",
    "06": "Saint Paul Parish",
    "05": "Saint Mary Parish",
    "04": "Saint John Parish",
    "03": "Saint George Parish",
    "09": "Redonda",
    "01": "Barbuda"
  },
  "AI": {
    "11205389": "Blowing Point",
    "11205392": "Sandy Ground",
    "11205393": "Sandy Hill",
    "11205396": "The Valley",
    "11205433": "East End",
    "11205436": "North Hill",
    "11205437": "West End",
    "11205438": "South Hill",
    "11205439": "The Quarter",
    "11205440": "North Side",
    "11205441": "Island Harbour",
    "11205442": "George Hill",
    "11205443": "Stoney Ground",
    "11205444": "The Farrington"
  },
  "AL": {
    "40": "Berat County",
    "41": "Dibër County",
    "43": "Elbasan County",
    "45": "Gjirokastër County",
    "46": "Korçë County",
    "47": "Kukës County",
    "42": "Durrës County",
    "44": "Fier County",
    "48": "Lezhë County",
    "49": "Shkodër County",
    "50": "Tirana",
    "51": "Vlorë County"
  },
  "AM": {
    "02": "Ararat",
    "08": "Syunik",
    "10": "Vayots Dzor",
    "11": "Yerevan",
    "01": "Aragatsotn",
    "03": "Armavir",
    "04": "Gegharkunik",
    "05": "Kotayk",
    "06": "Lori",
    "07": "Shirak",
    "09": "Tavush"
  },
  "AO": {
    "18": "Lunda Sul",
    "17": "Luanda Norte",
    "14": "Moxico",
    "04": "Cuando Cobango",
    "16": "Zaire",
    "15": "Uíge",
    "12": "Malanje",
    "20": "Luanda",
    "05": "Cuanza Norte",
    "03": "Cabinda",
    "19": "Bengo",
    "13": "Namibe",
    "09": "Huíla",
    "08": "Huambo",
    "07": "Cunene",
    "06": "Kwanza Sul",
    "02": "Bíe",
    "01": "Benguela"
  },
  "AR": {
    "14": "Misiones",
    "09": "Formosa",
    "07": "Buenos Aires F.D.",
    "08": "Entre Rios",
    "06": "Corrientes",
    "01": "Buenos Aires",
    "24": "Tucuman",
    "23": "Tierra del Fuego",
    "22": "Santiago del Estero",
    "21": "Santa Fe",
    "20": "Santa Cruz",
    "19": "San Luis",
    "18": "San Juan",
    "17": "Salta",
    "16": "Rio Negro",
    "15": "Neuquen",
    "13": "Mendoza",
    "12": "La Rioja",
    "11": "La Pampa",
    "10": "Jujuy",
    "05": "Cordoba",
    "04": "Chubut",
    "03": "Chaco",
    "02": "Catamarca"
  },
  "AS": {
    "050": "Western District",
    "040": "Swains Island",
    "010": "Eastern District",
    "020": "Manu'a",
    "030": "Rose Island"
  },
  "AT": {
    "09": "Vienna",
    "08": "Vorarlberg",
    "07": "Tyrol",
    "06": "Styria",
    "05": "Salzburg",
    "04": "Upper Austria",
    "03": "Lower Austria",
    "02": "Carinthia",
    "01": "Burgenland"
  },
  "AU": {
    "08": "Western Australia",
    "05": "South Australia",
    "03": "Northern Territory",
    "07": "Victoria",
    "06": "Tasmania",
    "04": "Queensland",
    "02": "New South Wales",
    "01": "Australian Capital Territory"
  },
  "AX": {
    "211": "Mariehamns stad",
    "212": "Ålands landsbygd",
    "213": "Ålands skärgård"
  },
  "AZ": {
    "12": "Beyləqan",
    "69": "Zangilan District",
    "66": "Yardimli District",
    "55": "Shusha",
    "49": "Salyan District",
    "46": "Sabirabad District",
    "45": "Saatlı",
    "13": "Bilasuvar District",
    "36": "Neftçala",
    "35": "Nakhichevan ASSR",
    "32": "Masally",
    "31": "Lerik District",
    "29": "Lənkəran",
    "28": "Lachin Rayon",
    "43": "Qubadlı",
    "24": "İmişli",
    "18": "Fuzuli District",
    "14": "Jabrayil",
    "15": "Jalilabad",
    "08": "Astara",
    "64": "Khojaly",
    "02": "Ağcabǝdi",
    "03": "Ağdam",
    "07": "Shirvan",
    "30": "Lankaran Sahari",
    "56": "Shusha City",
    "57": "Tartar District",
    "61": "Xankǝndi",
    "65": "Khojavend",
    "71": "Zərdab",
    "70": "Zaqatala District",
    "67": "Yevlax",
    "37": "Oğuz",
    "59": "Ucar",
    "58": "Tovuz District",
    "50": "Şamaxı",
    "47": "Shaki",
    "51": "Şǝmkir",
    "27": "Kurdamir District",
    "38": "Qabala District",
    "44": "Qusar District",
    "42": "Quba",
    "62": "Goygol Rayon",
    "60": "Xaçmaz",
    "26": "Kalbajar",
    "40": "Qazax",
    "21": "Goranboy District",
    "39": "Qax",
    "25": "Ismayilli District",
    "22": "Göyçay",
    "17": "Shabran",
    "16": "Daşkǝsǝn",
    "10": "Balakan District",
    "11": "Barda",
    "09": "Baki",
    "01": "Abşeron",
    "06": "Agsu District",
    "04": "Ağdaş",
    "19": "Gadabay District",
    "05": "Ağstafa",
    "20": "Gǝncǝ",
    "33": "Mingǝcevir",
    "34": "Naftalan",
    "41": "Qobustan",
    "52": "Samux",
    "48": "Shaki City",
    "53": "Siyǝzǝn",
    "54": "Sumqayit",
    "63": "Xızı",
    "68": "Yevlax City",
    "23": "Hacıqabul"
  },
  "BA": {
    "01": "Federation of B&H",
    "02": "Srpska",
    "BRC": "Brčko"
  },
  "BB": {
    "11": "Saint Thomas",
    "10": "Saint Philip",
    "09": "Saint Peter",
    "08": "Saint Michael",
    "07": "Saint Lucy",
    "06": "Saint Joseph",
    "05": "Saint John",
    "04": "Saint James",
    "03": "Saint George",
    "02": "Saint Andrew",
    "01": "Christ Church"
  },
  "BD": {
    "83": "Rajshahi Division",
    "81": "Dhaka Division",
    "84": "Chittagong",
    "82": "Khulna Division",
    "85": "Barisal Division",
    "86": "Sylhet Division",
    "87": "Rangpur Division",
    "H": "Mymensingh Division"
  },
  "BE": {
    "BRU": "Brussels Capital",
    "WAL": "Wallonia",
    "VLG": "Flanders"
  },
  "BF": {
    "01": "Boucle du Mouhoun",
    "02": "Cascades Region",
    "03": "Centre",
    "04": "Centre-Est",
    "05": "Centre-Nord",
    "06": "Centre-Ouest",
    "07": "Centre-Sud",
    "08": "Est",
    "09": "Hauts-Bassins",
    "10": "Nord",
    "11": "Plateau-Central",
    "12": "Sahel",
    "13": "Sud-Ouest"
  },
  "BG": {
    "52": "Razgrad",
    "47": "Montana",
    "64": "Vratsa",
    "61": "Varna",
    "40": "Dobrich",
    "58": "Sofia",
    "53": "Ruse",
    "51": "Plovdiv",
    "50": "Pleven",
    "49": "Pernik",
    "48": "Pazardzhik",
    "46": "Lovech",
    "43": "Haskovo",
    "42": "Sofia-Capital",
    "39": "Burgas",
    "38": "Blagoevgrad",
    "41": "Gabrovo",
    "44": "Kardzhali",
    "45": "Kyustendil",
    "54": "Shumen",
    "55": "Silistra",
    "56": "Sliven",
    "57": "Smolyan",
    "59": "Stara Zagora",
    "60": "Targovishte",
    "62": "Veliko Tarnovo",
    "63": "Vidin",
    "65": "Yambol"
  },
  "BH": {
    "15": "Muharraq",
    "16": "Manama",
    "17": "Southern Governorate",
    "19": "Northern"
  },
  "BI": {
    "17": "Makamba",
    "10": "Bururi",
    "22": "Muramvya",
    "13": "Gitega",
    "21": "Ruyigi",
    "11": "Cankuzo",
    "14": "Karuzi",
    "09": "Bubanza",
    "12": "Cibitoke",
    "19": "Ngozi",
    "15": "Kayanza",
    "18": "Muyinga",
    "16": "Kirundo",
    "20": "Rutana",
    "23": "Mwaro",
    "24": "Bujumbura Mairie",
    "25": "Bujumbura Rural",
    "26": "Rumonge"
  },
  "BJ": {
    "18": "Zou",
    "16": "Ouémé",
    "15": "Mono",
    "10": "Borgou",
    "09": "Atlantique",
    "08": "Atakora",
    "07": "Alibori",
    "11": "Collines",
    "12": "Kouffo",
    "13": "Donga",
    "14": "Littoral",
    "17": "Plateau"
  },
  "BM": {
    "11": "Warwick",
    "10": "Southampton",
    "09": "Smithʼs",
    "08": "Sandys",
    "07": "Saint Georgeʼs",
    "06": "Saint George",
    "05": "Pembroke",
    "04": "Paget",
    "02": "Hamilton",
    "03": "Hamilton city",
    "01": "Devonshire"
  },
  "BN": {
    "04": "Tutong",
    "03": "Temburong",
    "02": "Brunei-Muara District",
    "01": "Belait"
  },
  "BO": {
    "09": "Tarija Department",
    "08": "Santa Cruz Department",
    "07": "Potosí Department",
    "06": "Pando",
    "05": "Oruro",
    "04": "La Paz Department",
    "02": "Cochabamba",
    "01": "Chuquisaca Department",
    "03": "Beni Department"
  },
  "BQ": {
    "BO": "Bonaire",
    "SB": "Saba",
    "SE": "Sint Eustatius"
  },
  "BR": {
    "22": "Rio Grande do Norte",
    "20": "Piauí",
    "30": "Pernambuco",
    "17": "Paraíba",
    "16": "Pará",
    "13": "Maranhão",
    "06": "Ceará",
    "03": "Amapá",
    "02": "Alagoas",
    "28": "Sergipe",
    "27": "São Paulo",
    "26": "Santa Catarina",
    "23": "Rio Grande do Sul",
    "21": "Rio de Janeiro",
    "18": "Paraná",
    "15": "Minas Gerais",
    "11": "Mato Grosso do Sul",
    "14": "Mato Grosso",
    "29": "Goiás",
    "07": "Federal District",
    "08": "Espírito Santo",
    "05": "Bahia",
    "31": "Tocantins",
    "25": "Roraima",
    "04": "Amazonas",
    "01": "Acre",
    "24": "Rondônia"
  },
  "BS": {
    "35": "San Salvador",
    "18": "Ragged Island",
    "32": "Berry Islands",
    "23": "New Providence",
    "16": "Mayaguana",
    "15": "Long Island",
    "13": "Inagua",
    "22": "Harbour Island",
    "25": "Freeport",
    "10": "Exuma",
    "06": "Cat Island",
    "05": "Bimini",
    "24": "Acklins",
    "36": "Black Point",
    "37": "Central Abaco",
    "38": "Central Andros",
    "39": "Central Eleuthera",
    "40": "Crooked Island and Long Cay",
    "41": "East Grand Bahama",
    "42": "Grand Cay",
    "43": "Hope Town",
    "44": "Mangrove Cay",
    "45": "Moore’s Island",
    "46": "North Abaco",
    "47": "North Andros",
    "48": "North Eleuthera",
    "49": "Rum Cay",
    "50": "South Abaco",
    "51": "South Andros",
    "52": "South Eleuthera",
    "53": "Spanish Wells",
    "54": "West Grand Bahama"
  },
  "BT": {
    "05": "Bumthang District",
    "06": "Chukha",
    "08": "Dagana",
    "07": "Tsirang District",
    "09": "Sarpang District",
    "10": "Haa",
    "11": "Lhuntse",
    "12": "Mongar",
    "13": "Paro",
    "14": "Pemagatshel",
    "15": "Punakha",
    "16": "Samtse District",
    "17": "Samdrup Jongkhar",
    "18": "Zhemgang District",
    "19": "Trashigang District",
    "20": "Thimphu District",
    "21": "Tongsa",
    "22": "Wangdi Phodrang",
    "23": "Gasa",
    "24": "Trashi Yangste"
  },
  "BW": {
    "10": "Ngwaketsi",
    "09": "South-East",
    "08": "North-East",
    "11": "North-West",
    "06": "Kweneng",
    "05": "Kgatleng",
    "04": "Kgalagadi",
    "03": "Ghanzi",
    "12": "Chobe",
    "01": "Central",
    "13": "City of Francistown",
    "14": "Gaborone",
    "15": "Jwaneng",
    "16": "Lobatse",
    "17": "Selibe Phikwe",
    "18": "Sowa Town"
  },
  "BY": {
    "07": "Vitebsk",
    "06": "Mogilev",
    "05": "Minsk",
    "04": "Minsk City",
    "03": "Grodnenskaya",
    "02": "Gomel Oblast",
    "01": "Brest"
  },
  "BZ": {
    "06": "Toledo District",
    "05": "Southern District",
    "04": "Orange Walk District",
    "03": "Corozal District",
    "02": "Cayo District",
    "01": "Belize District"
  },
  "CA": {
    "01": "Alberta",
    "02": "British Columbia",
    "03": "Manitoba",
    "04": "New Brunswick",
    "13": "Northwest Territories",
    "07": "Nova Scotia",
    "14": "Nunavut",
    "08": "Ontario",
    "09": "Prince Edward Island",
    "10": "Quebec",
    "11": "Saskatchewan",
    "12": "Yukon",
    "05": "Newfoundland and Labrador"
  },
  "CD": {
    "31": "Tshuapa",
    "30": "Tshopo",
    "29": "Tanganyika",
    "12": "South Kivu",
    "27": "Sankuru",
    "11": "North Kivu",
    "25": "Mongala",
    "10": "Maniema",
    "23": "Kasai-Central",
    "04": "East Kasai",
    "18": "Kasai",
    "17": "Ituri",
    "16": "Haut-Uele",
    "15": "Haut-Lomami",
    "02": "Équateur",
    "13": "Bas-Uele",
    "22": "Lualaba",
    "24": "Mai-Ndombe",
    "20": "Kwilu",
    "19": "Kwango",
    "06": "Kinshasa",
    "08": "Bas-Congo",
    "14": "Haut-Katanga",
    "21": "Lomami",
    "26": "Nord-Ubangi",
    "28": "Sud-Ubangi"
  },
  "CF": {
    "14": "Vakaga",
    "11": "Ouaka",
    "08": "Mbomou",
    "05": "Haut-Mbomou",
    "03": "Haute-Kotto",
    "02": "Basse-Kotto",
    "01": "Bamingui-Bangoran",
    "16": "Sangha-Mbaéré",
    "13": "Ouham-Pendé",
    "12": "Ouham",
    "17": "Ombella-M'Poko",
    "09": "Nana-Mambéré",
    "07": "Lobaye",
    "06": "Kémo",
    "04": "Mambéré-Kadéï",
    "15": "Nana-Grébizi",
    "18": "Bangui",
    "19": "Mambéré",
    "20": "Ouham-Fafa",
    "21": "Lim-Pendé"
  },
  "CG": {
    "10": "Sangha",
    "11": "Pool",
    "08": "Plateaux",
    "07": "Niari",
    "06": "Likouala",
    "05": "Lékoumou",
    "04": "Kouilou",
    "13": "Cuvette",
    "01": "Bouenza",
    "12": "Brazzaville",
    "14": "Cuvette-Ouest",
    "15": "Pointe-Noire"
  },
  "CH": {
    "ZH": "Zurich",
    "ZG": "Zug",
    "VD": "Vaud",
    "VS": "Valais",
    "UR": "Uri",
    "TI": "Ticino",
    "TG": "Thurgau",
    "SO": "Solothurn",
    "SZ": "Schwyz",
    "SH": "Schaffhausen",
    "SG": "Saint Gallen",
    "OW": "Obwalden",
    "NW": "Nidwalden",
    "NE": "Neuchâtel",
    "LU": "Lucerne",
    "JU": "Jura",
    "GR": "Grisons",
    "GL": "Glarus",
    "GE": "Geneva",
    "FR": "Fribourg",
    "BE": "Bern",
    "BS": "Basel-City",
    "BL": "Basel-Landschaft",
    "AR": "Appenzell Ausserrhoden",
    "AI": "Appenzell Innerrhoden",
    "AG": "Aargau"
  },
  "CI": {
    "98": "Yamoussoukro",
    "76": "Bas-Sassandra District",
    "94": "Comoé District",
    "77": "Denguélé District",
    "95": "Gôh-Djiboua",
    "81": "Lacs District",
    "82": "Lagunes District",
    "78": "Montagnes",
    "96": "Sassandra-Marahoué",
    "87": "Savanes District",
    "90": "Vallée du Bandama District",
    "97": "Woroba",
    "92": "Zanzan District",
    "93": "Abidjan Autonomous District"
  },
  "CK": {
    "11695124": "Aitutaki",
    "11695126": "Atiu",
    "11695127": "Mangaia",
    "11695384": "Manihiki",
    "11695385": "Ma'uke",
    "11695386": "Mitiaro",
    "11695387": "Palmerston",
    "11695388": "Penrhyn",
    "11695389": "Pukapuka",
    "11695390": "Rakahanga",
    "11695425": "Rarotonga"
  },
  "CL": {
    "01": "Valparaíso",
    "15": "Tarapacá",
    "12": "Santiago Metropolitan",
    "11": "Maule Region",
    "14": "Los Lagos Region",
    "08": "O'Higgins Region",
    "07": "Coquimbo Region",
    "06": "Biobío",
    "05": "Atacama",
    "04": "Araucanía",
    "03": "Antofagasta",
    "02": "Aysén",
    "10": "Region of Magallanes",
    "16": "Arica y Parinacota Region",
    "17": "Los Ríos Region",
    "18": "Ñuble"
  },
  "CM": {
    "09": "South-West",
    "14": "South",
    "08": "West",
    "07": "North-West",
    "13": "North",
    "05": "Littoral",
    "12": "Far North",
    "04": "East",
    "11": "Centre",
    "10": "Adamaoua"
  },
  "CN": {
    "14": "Tibet",
    "06": "Qinghai",
    "13": "Xinjiang",
    "02": "Zhejiang",
    "29": "Yunnan",
    "28": "Tianjin",
    "32": "Sichuan",
    "24": "Shanxi",
    "23": "Shanghai",
    "25": "Shandong",
    "26": "Shaanxi",
    "21": "Ningxia",
    "03": "Jiangxi",
    "04": "Jiangsu",
    "11": "Hunan",
    "12": "Hubei",
    "09": "Henan",
    "10": "Hebei",
    "31": "Hainan",
    "18": "Guizhou",
    "16": "Guangxi",
    "30": "Guangdong",
    "15": "Gansu",
    "07": "Fujian",
    "33": "Chongqing",
    "01": "Anhui",
    "20": "Inner Mongolia",
    "19": "Liaoning",
    "05": "Jilin",
    "08": "Heilongjiang",
    "22": "Beijing"
  },
  "CO": {
    "31": "Vichada Department",
    "30": "Vaupés",
    "29": "Valle del Cauca Department",
    "28": "Tolima Department",
    "27": "Sucre Department",
    "26": "Santander Department",
    "25": "San Andres y Providencia",
    "24": "Risaralda Department",
    "23": "Quindío Department",
    "22": "Putumayo Department",
    "21": "Norte de Santander Department",
    "20": "Nariño",
    "19": "Meta Department",
    "38": "Magdalena Department",
    "17": "La Guajira Department",
    "16": "Huila Department",
    "14": "Guaviare Department",
    "15": "Guainía Department",
    "33": "Cundinamarca",
    "12": "Córdoba",
    "11": "Chocó",
    "10": "Cesar Department",
    "09": "Cauca Department",
    "32": "Casanare Department",
    "08": "Caquetá",
    "37": "Caldas Department",
    "36": "Boyacá",
    "35": "Bolívar",
    "34": "Bogota D.C.",
    "04": "Atlántico",
    "03": "Arauca Department",
    "02": "Antioquia",
    "01": "Amazonas Department"
  },
  "CR": {
    "08": "San José",
    "07": "Puntarenas Province",
    "06": "Limón Province",
    "04": "Heredia Province",
    "03": "Guanacaste Province",
    "02": "Cartago Province",
    "01": "Alajuela Province"
  },
  "CU": {
    "16": "Villa Clara Province",
    "15": "Santiago de Cuba Province",
    "14": "Sancti Spíritus Province",
    "01": "Pinar del Río",
    "03": "Matanzas Province",
    "13": "Las Tunas Province",
    "04": "Isla de la Juventud",
    "12": "Holguín Province",
    "10": "Guantánamo Province",
    "09": "Granma Province",
    "02": "Havana",
    "08": "Cienfuegos Province",
    "07": "Ciego de Ávila Province",
    "05": "Camagüey",
    "AR": "Artemisa",
    "MA": "Mayabeque"
  },
  "CV": {
    "20": "Tarrafal",
    "11": "São Vicente",
    "15": "Santa Catarina",
    "08": "Sal",
    "07": "Ribeira Grande",
    "14": "Praia",
    "05": "Paul",
    "04": "Maio",
    "02": "Brava",
    "01": "Boa Vista",
    "13": "Mosteiros",
    "16": "Santa Cruz",
    "17": "São Domingos",
    "18": "São Filipe",
    "19": "São Miguel",
    "21": "Porto Novo",
    "22": "Ribeira Brava",
    "24": "Santa Catarina do Fogo",
    "26": "São Salvador do Mundo",
    "27": "Tarrafal de São Nicolau",
    "25": "São Lourenço dos Órgãos",
    "23": "Ribeira Grande de Santiago"
  },
  "CY": {
    "06": "Pafos",
    "04": "Nicosia",
    "05": "Limassol",
    "03": "Larnaka",
    "02": "Keryneia",
    "01": "Ammochostos"
  },
  "CZ": {
    "52": "Prague",
    "78": "South Moravian",
    "79": "Jihočeský kraj",
    "80": "Vysočina",
    "81": "Karlovarský kraj",
    "82": "Královéhradecký kraj",
    "83": "Liberecký kraj",
    "84": "Olomoucký",
    "85": "Moravskoslezský",
    "86": "Pardubický",
    "87": "Plzeň Region",
    "88": "Central Bohemia",
    "89": "Ústecký kraj",
    "90": "Zlín"
  },
  "DE": {
    "15": "Thuringia",
    "10": "Schleswig-Holstein",
    "14": "Saxony-Anhalt",
    "13": "Saxony",
    "09": "Saarland",
    "08": "Rheinland-Pfalz",
    "07": "North Rhine-Westphalia",
    "06": "Lower Saxony",
    "12": "Mecklenburg-Vorpommern",
    "05": "Hesse",
    "04": "Hamburg",
    "03": "City state Bremen",
    "11": "Brandenburg",
    "16": "State of Berlin",
    "02": "Bavaria",
    "01": "Baden-Wurttemberg"
  },
  "DJ": {
    "05": "Tadjourah",
    "04": "Obock",
    "07": "Djibouti",
    "06": "Dikhil",
    "01": "Ali Sabieh",
    "08": "Arta"
  },
  "DK": {
    "17": "Capital Region",
    "18": "Central Jutland",
    "19": "North Denmark",
    "20": "Zealand",
    "21": "South Denmark"
  },
  "DM": {
    "11": "Saint Peter Parish",
    "10": "Saint Paul Parish",
    "09": "Saint Patrick Parish",
    "08": "Saint Mark Parish",
    "07": "Saint Luke Parish",
    "06": "Saint Joseph Parish",
    "05": "Saint John Parish",
    "04": "Saint George Parish",
    "03": "Saint David Parish",
    "02": "Saint Andrew Parish"
  },
  "DO": {
    "27": "Valverde Province",
    "26": "Santiago Rodríguez",
    "25": "Santiago Province",
    "24": "San Pedro de Macorís",
    "23": "San Juan Province",
    "33": "San Cristóbal",
    "21": "Sánchez Ramírez",
    "20": "Samaná",
    "19": "Hermanas Mirabal",
    "18": "Puerto Plata",
    "35": "Peravia",
    "16": "Pedernales Province",
    "34": "Nacional",
    "32": "Monte Plata Province",
    "15": "Monte Cristi Province",
    "31": "Monseñor Nouel",
    "14": "María Trinidad Sánchez",
    "30": "La Vega",
    "12": "La Romana",
    "10": "La Altagracia Province",
    "09": "Independencia",
    "29": "Hato Mayor Province",
    "08": "Espaillat Province",
    "28": "El Seíbo",
    "11": "Elías Piña",
    "06": "Duarte Province",
    "04": "Dajabón",
    "03": "Barahona Province",
    "02": "Baoruco Province",
    "01": "Azua Province",
    "36": "San José de Ocoa",
    "37": "Santo Domingo Province"
  },
  "DZ": {
    "15": "Tlemcen",
    "14": "Tizi Ouzou",
    "56": "Tissemsilt",
    "55": "Tipaza",
    "54": "Tindouf",
    "13": "Tiaret",
    "33": "Tébessa",
    "53": "Tamanrasset",
    "52": "Souk Ahras",
    "31": "Skikda",
    "30": "Sidi Bel Abbès",
    "12": "Sétif",
    "10": "Saida",
    "51": "Relizane",
    "29": "Oum el Bouaghi",
    "50": "Ouargla",
    "09": "Oran",
    "49": "Naama",
    "27": "M'Sila",
    "07": "Mostaganem",
    "48": "Mila",
    "06": "Medea",
    "26": "Mascara",
    "25": "Laghouat",
    "47": "Khenchela",
    "24": "Jijel",
    "46": "Illizi",
    "23": "Guelma",
    "45": "Ghardaia",
    "44": "El Tarf",
    "43": "El Oued",
    "42": "El Bayadh",
    "22": "Djelfa",
    "04": "Constantine",
    "41": "Chlef",
    "40": "Boumerdes",
    "21": "Bouira",
    "39": "Bordj Bou Arréridj",
    "20": "Blida",
    "19": "Biskra",
    "18": "Béjaïa",
    "38": "Béchar",
    "03": "Batna",
    "37": "Annaba",
    "01": "Algiers",
    "36": "Aïn Témouchent",
    "35": "Aïn Defla",
    "34": "Adrar",
    "BB": "Bordj Badji Mokhtar",
    "TM": "Timimoun",
    "BA": "Beni Abbes",
    "IG": "In Guezzam",
    "IS": "In Salah",
    "DJ": "Djanet",
    "EM": "El Menia",
    "TG": "Touggourt",
    "MG": "El Mghair",
    "OD": "Ouled Djellal"
  },
  "EC": {
    "20": "Zamora Chinchipe",
    "19": "Tungurahua Province",
    "18": "Pichincha",
    "17": "Pastaza Province",
    "23": "Napo",
    "15": "Morona-Santiago Province",
    "14": "Manabí",
    "13": "Los Ríos",
    "12": "Loja",
    "11": "Imbabura",
    "10": "Guayas",
    "01": "Galápagos",
    "09": "Esmeraldas",
    "08": "El Oro",
    "07": "Cotopaxi",
    "06": "Chimborazo Province",
    "05": "Carchi",
    "04": "Cañar",
    "03": "Bolívar",
    "02": "Azuay",
    "22": "Sucumbíos",
    "24": "Orellana Province",
    "26": "Santo Domingo de los Tsáchilas",
    "25": "Santa Elena"
  },
  "EE": {
    "21": "Võrumaa",
    "20": "Viljandimaa",
    "19": "Valgamaa",
    "18": "Tartu",
    "14": "Saare",
    "13": "Raplamaa",
    "12": "Põlvamaa",
    "11": "Pärnumaa",
    "08": "Lääne-Virumaa",
    "07": "Lääne",
    "05": "Jõgevamaa",
    "04": "Järvamaa",
    "03": "Ida-Virumaa",
    "02": "Hiiumaa",
    "01": "Harjumaa"
  },
  "EG": {
    "24": "Sohag",
    "27": "North Sinai",
    "23": "Qena",
    "22": "Matruh",
    "21": "Kafr el-Sheikh",
    "26": "South Sinai",
    "20": "Damietta",
    "19": "Port Said",
    "18": "Beni Suweif",
    "17": "Asyut",
    "16": "Aswan",
    "15": "Suez",
    "14": "Sharqia",
    "13": "New Valley",
    "12": "Qalyubia",
    "11": "Cairo",
    "10": "Minya",
    "09": "Monufia",
    "08": "Giza",
    "07": "Ismailia",
    "06": "Alexandria",
    "05": "Gharbia",
    "04": "Faiyum",
    "03": "Beheira",
    "02": "Red Sea",
    "01": "Dakahlia",
    "28": "Luxor"
  },
  "ER": {
    "01": "Anseba",
    "02": "Debub",
    "03": "Southern Red Sea",
    "04": "Gash-Barka",
    "05": "Maekel",
    "06": "Northern Red Sea"
  },
  "ES": {
    "31": "Murcia",
    "CE": "Ceuta",
    "07": "Balearic Islands",
    "51": "Andalusia",
    "53": "Canary Islands",
    "54": "Castille-La Mancha",
    "57": "Extremadura",
    "60": "Valencia",
    "34": "Asturias",
    "32": "Navarre",
    "29": "Madrid",
    "27": "La Rioja",
    "39": "Cantabria",
    "52": "Aragon",
    "55": "Castille and León",
    "56": "Catalonia",
    "58": "Galicia",
    "59": "Basque Country",
    "ML": "Melilla"
  },
  "ET": {
    "44": "Addis Ababa",
    "45": "Āfar",
    "46": "Amhara",
    "47": "Bīnshangul Gumuz",
    "48": "Dire Dawa",
    "49": "Gambela",
    "50": "Harari",
    "51": "Oromiya",
    "52": "Somali",
    "53": "Tigray",
    "SI": "Sidama Region",
    "55": "Central Ethiopia Regional State",
    "56": "South Ethiopia Regional State",
    "SW": "South West Ethiopia Peoples' Region"
  },
  "FI": {
    "19": "Lapland",
    "18": "Kainuu",
    "17": "North Ostrobothnia",
    "16": "Central Ostrobothnia",
    "15": "Ostrobothnia",
    "14": "South Ostrobothnia",
    "13": "Central Finland",
    "12": "North Karelia",
    "11": "North Savo",
    "10": "South Savo",
    "09": "South Karelia",
    "08": "Kymenlaakso",
    "06": "Pirkanmaa",
    "05": "Kanta-Häme",
    "02": "Southwest Finland",
    "01": "Uusimaa",
    "07": "Paijat-Hame",
    "04": "Satakunta"
  },
  "FJ": {
    "05": "Western",
    "03": "Northern",
    "01": "Central",
    "02": "Eastern",
    "04": "Rotuma"
  },
  "FM": {
    "04": "Yap State",
    "02": "Pohnpei State",
    "01": "Kosrae",
    "03": "Chuuk"
  },
  "FO": {
    "VG": "Vágar",
    "SU": "Suðuroy",
    "ST": "Streymoy",
    "SA": "Sandoy",
    "NO": "Norðoyar",
    "OS": "Eysturoy"
  },
  "FR": {
    "93": "Provence-Alpes-Côte d'Azur",
    "52": "Pays de la Loire",
    "11": "Île-de-France",
    "94": "Corsica",
    "24": "Centre",
    "53": "Brittany",
    "27": "Bourgogne",
    "75": "Nouvelle-Aquitaine",
    "28": "Normandy",
    "44": "Grand Est",
    "76": "Occitanie",
    "32": "Hauts-de-France",
    "84": "Rhône-Alpes"
  },
  "GA": {
    "09": "Woleu-Ntem",
    "08": "Ogooué-Maritime",
    "07": "Ogooué-Lolo",
    "06": "Ogooué-Ivindo",
    "05": "Nyanga",
    "04": "Ngouni",
    "03": "Moyen-Ogooué",
    "02": "Haut-Ogooué",
    "01": "Estuaire"
  },
  "GB": {
    "WLS": "Wales",
    "SCT": "Scotland",
    "NIR": "Northern Ireland",
    "ENG": "England"
  },
  "GD": {
    "06": "Saint Patrick Parish",
    "05": "Saint Mark Parish",
    "04": "Saint John Parish",
    "03": "Saint George Parish",
    "02": "Saint David Parish",
    "01": "Saint Andrew Parish",
    "10": "Carriacou and Petite Martinique"
  },
  "GE": {
    "51": "Tbilisi",
    "04": "Adjara",
    "68": "Kvemo Kartli",
    "67": "Kakheti",
    "65": "Guria",
    "66": "Imereti",
    "73": "Shida Kartli",
    "69": "Mtskheta-Mtianeti",
    "70": "Racha-Lechkhumi and Kvemo Svaneti",
    "71": "Samegrelo and Zemo Svaneti",
    "72": "Samtskhe-Javakheti",
    "02": "Abkhazia"
  },
  "GF": {
    "GF": "Guyane"
  },
  "GG": {
    "6417213": "St Pierre du Bois",
    "6417214": "Torteval",
    "6417215": "Saint Saviour",
    "6417223": "Forest",
    "6417224": "St Martin",
    "6417226": "Saint Andrew",
    "6417228": "St Peter Port",
    "6417229": "Castel",
    "6417230": "Vale",
    "6417233": "St Sampson",
    "8989934": "Alderney"
  },
  "GH": {
    "09": "Western",
    "08": "Volta",
    "11": "Upper West",
    "10": "Upper East",
    "06": "Northern",
    "01": "Greater Accra",
    "05": "Eastern",
    "04": "Central",
    "02": "Ashanti",
    "13": "Bono",
    "16": "Oti",
    "15": "North East",
    "12": "Ahafo",
    "14": "Bono East",
    "17": "Savannah",
    "18": "Western North"
  },
  "GL": {
    "04": "Kujalleq",
    "06": "Qeqqata",
    "07": "Sermersooq",
    "11839534": "Qeqertalik",
    "11839537": "Avannaata"
  },
  "GM": {
    "05": "Western",
    "04": "Upper River",
    "07": "North Bank",
    "03": "Central River",
    "02": "Lower River",
    "01": "Banjul"
  },
  "GN": {
    "04": "Conakry",
    "B": "Boké Region",
    "F": "Faranah",
    "K": "Kankan Region",
    "D": "Kindia",
    "L": "Labé Region",
    "M": "Mamou Region",
    "N": "Nzérékoré Region"
  },
  "GP": {
    "GP": "Guadeloupe"
  },
  "GQ": {
    "03": "Annobon",
    "04": "Bioko Norte",
    "05": "Bioko Sur",
    "06": "Centro Sur",
    "07": "Kié-Ntem",
    "08": "Litoral",
    "09": "Wele-Nzas",
    "10": "Djibloho"
  },
  "GR": {
    "736572": "Mount Athos",
    "ESYE31": "Attica",
    "ESYE24": "Central Greece",
    "ESYE12": "Central Macedonia",
    "ESYE43": "Crete",
    "ESYE11": "East Macedonia and Thrace",
    "ESYE21": "Epirus",
    "ESYE22": "Ionian Islands",
    "ESYE41": "North Aegean",
    "ESYE25": "Peloponnese",
    "ESYE42": "South Aegean",
    "ESYE14": "Thessaly",
    "ESYE23": "West Greece",
    "ESYE13": "West Macedonia"
  },
  "GT": {
    "22": "Zacapa",
    "21": "Totonicapán",
    "20": "Suchitepeque",
    "19": "Sololá",
    "18": "Santa Rosa Department",
    "17": "San Marcos",
    "16": "Sacatepéquez",
    "15": "Retalhuleu",
    "14": "Quiché",
    "13": "Quetzaltenango",
    "12": "Petén",
    "11": "Jutiapa",
    "10": "Jalapa",
    "09": "Izabal Department",
    "08": "Huehuetenango",
    "07": "Guatemala",
    "06": "Escuintla",
    "05": "El Progreso",
    "04": "Chiquimula",
    "03": "Chimaltenango",
    "02": "Baja Verapaz",
    "01": "Alta Verapaz"
  },
  "GU": {
    "PI": "Piti",
    "SR": "Santa Rita",
    "SJ": "Sinajana",
    "TF": "Talofofo",
    "TM": "Tamuning",
    "UM": "Umatac",
    "YG": "Yigo",
    "YN": "Yona",
    "ME": "Merizo",
    "MA": "Mangilao",
    "AH": "Agana Heights",
    "CP": "Chalan Pago-Ordot",
    "AS": "Asan",
    "AT": "Agat",
    "DD": "Dededo",
    "BA": "Barrigada",
    "AN": "Hagatna",
    "IN": "Inarajan",
    "MT": "Mongmong-Toto-Maite"
  },
  "GW": {
    "07": "Tombali",
    "02": "Quinara",
    "04": "Oio",
    "10": "Gabú",
    "06": "Cacheu",
    "05": "Bolama",
    "11": "Bissau",
    "12": "Biombo",
    "01": "Bafatá"
  },
  "GY": {
    "19": "Upper Takutu-Upper Essequibo",
    "18": "Upper Demerara-Berbice",
    "17": "Potaro-Siparuni",
    "16": "Pomeroon-Supenaam",
    "15": "Mahaica-Berbice",
    "14": "Essequibo Islands-West Demerara",
    "13": "East Berbice-Corentyne",
    "12": "Demerara-Mahaica",
    "11": "Cuyuni-Mazaruni",
    "10": "Barima-Waini"
  },
  "HK": {
    "NYL": "Yuen Long",
    "NTW": "Tsuen Wan",
    "NTP": "Tai Po",
    "NSK": "Sai Kung District",
    "NIS": "Islands",
    "HCW": "Central and Western",
    "HWC": "Wan Chai",
    "HEA": "Eastern District",
    "HSO": "Southern District",
    "KYT": "Yau Tsim Mong District",
    "KSS": "Sham Shui Po District",
    "KKC": "Kowloon City",
    "KWT": "Wong Tai Sin District",
    "KKT": "Kwun Tong District",
    "NKT": "Kwai Tsing District",
    "NTM": "Tuen Mun",
    "NNO": "North District",
    "NST": "Sha Tin"
  },
  "HN": {
    "18": "Yoro Department",
    "17": "Valle Department",
    "16": "Santa Bárbara Department",
    "15": "Olancho Department",
    "14": "Ocotepeque Department",
    "13": "Lempira Department",
    "12": "La Paz Department",
    "11": "Bay Islands",
    "10": "Intibucá Department",
    "09": "Gracias a Dios Department",
    "08": "Francisco Morazán Department",
    "07": "El Paraíso Department",
    "06": "Cortés Department",
    "05": "Copán Department",
    "04": "Comayagua Department",
    "03": "Colón Department",
    "02": "Choluteca Department",
    "01": "Atlántida Department"
  },
  "HR": {
    "01": "Bjelovar-Bilogora",
    "02": "Brod-Posavina",
    "03": "Dubrovnik-Neretva",
    "04": "Istria",
    "05": "Karlovac",
    "06": "Koprivnica-Križevci",
    "07": "Krapina-Zagorje",
    "08": "Lika-Senj",
    "09": "Međimurje",
    "10": "County of Osijek-Baranja",
    "11": "Požega-Slavonia",
    "12": "Primorje-Gorski Kotar",
    "13": "Šibenik-Knin",
    "14": "Sisak-Moslavina",
    "15": "Split-Dalmatia",
    "16": "Varaždin",
    "18": "Vukovar-Srijem",
    "19": "Zadar",
    "20": "Zagreb County",
    "21": "Zagreb",
    "17": "Virovitica-Podravina"
  },
  "HT": {
    "13": "Sud-Est",
    "12": "Sud",
    "11": "Ouest",
    "03": "Nord-Ouest",
    "10": "Nord-Est",
    "09": "Nord",
    "14": "Grand'Anse",
    "07": "Centre",
    "06": "Artibonite",
    "15": "Nippes"
  },
  "HU": {
    "18": "Szabolcs-Szatmár-Bereg",
    "20": "Jász-Nagykun-Szolnok",
    "11": "Heves County",
    "10": "Hajdú-Bihar",
    "06": "Csongrád",
    "04": "Borsod-Abaúj-Zemplén",
    "03": "Bekes County",
    "24": "Zala County",
    "23": "Veszprém",
    "22": "Vas County",
    "21": "Tolna County",
    "17": "Somogy County",
    "16": "Pest County",
    "14": "Nógrád",
    "12": "Komárom-Esztergom",
    "09": "Győr-Moson-Sopron",
    "08": "Fejér",
    "05": "Budapest",
    "02": "Baranya",
    "01": "Bács-Kiskun"
  },
  "ID": {
    "26": "North Sumatra",
    "01": "Aceh",
    "10": "Yogyakarta",
    "32": "South Sumatra",
    "24": "West Sumatra",
    "31": "North Sulawesi",
    "22": "Southeast Sulawesi",
    "21": "Central Sulawesi",
    "38": "South Sulawesi",
    "37": "Riau",
    "18": "East Nusa Tenggara",
    "17": "West Nusa Tenggara",
    "28": "Maluku",
    "15": "Lampung",
    "14": "East Kalimantan",
    "13": "Central Kalimantan",
    "12": "South Kalimantan",
    "11": "West Kalimantan",
    "08": "East Java",
    "07": "Central Java",
    "30": "West Java",
    "05": "Jambi",
    "04": "Jakarta",
    "36": "Papua",
    "03": "Bengkulu",
    "02": "Bali",
    "33": "Banten",
    "34": "Gorontalo",
    "35": "Bangka–Belitung Islands",
    "29": "North Maluku",
    "39": "West Papua",
    "41": "West Sulawesi",
    "40": "Riau Islands",
    "42": "North Kalimantan",
    "PD": "Southwest Papua",
    "PT": "Central Papua",
    "PE": "Highland Papua",
    "PS": "South Papua"
  },
  "IE": {
    "C": "Connacht",
    "L": "Leinster",
    "M": "Munster",
    "U": "Ulster"
  },
  "IL": {
    "06": "Jerusalem",
    "05": "Tel Aviv",
    "04": "Haifa",
    "03": "Northern District",
    "02": "Central District",
    "01": "Southern District",
    "WE": "Judea and Samaria Area"
  },
  "IM": {
    "9782164": "Andreas",
    "9782165": "Arbory",
    "9782166": "Ballaugh",
    "9782167": "Braddan",
    "9782168": "Bride",
    "9782169": "Castletown",
    "9782170": "Douglas",
    "9782171": "German",
    "9782172": "Jurby",
    "9782173": "Laxey",
    "9782176": "Lezayre",
    "9782180": "Lonan",
    "9782182": "Malew",
    "9782183": "Marown",
    "9782184": "Maughold",
    "9782185": "Michael",
    "9782186": "Onchan",
    "9782187": "Patrick",
    "9782188": "Peel",
    "9782189": "Port Erin",
    "9782190": "Port St Mary",
    "9782191": "Ramsey",
    "9782192": "Rushen",
    "9782193": "Santon"
  },
  "IN": {
    "28": "West Bengal",
    "36": "Uttar Pradesh",
    "26": "Tripura",
    "40": "Telangana",
    "25": "Tamil Nadu",
    "29": "Sikkim",
    "24": "Rajasthan",
    "23": "Punjab",
    "22": "Puducherry",
    "21": "Odisha",
    "20": "Nagaland",
    "31": "Mizoram",
    "18": "Meghalaya",
    "17": "Manipur",
    "16": "Maharashtra",
    "35": "Madhya Pradesh",
    "14": "Laccadives",
    "13": "Kerala",
    "19": "Karnataka",
    "12": "Jammu and Kashmir",
    "11": "Himachal Pradesh",
    "10": "Haryana",
    "09": "Gujarat",
    "33": "Goa",
    "07": "Delhi",
    "05": "Chandigarh",
    "34": "Bihar",
    "03": "Assam",
    "30": "Arunachal Pradesh",
    "02": "Andhra Pradesh",
    "01": "Andaman and Nicobar",
    "37": "Chhattisgarh",
    "38": "Jharkhand",
    "39": "Uttarakhand",
    "41": "Ladakh",
    "52": "Dadra and Nagar Haveli and Daman and Diu"
  },
  "IQ": {
    "02": "Basra",
    "16": "Wāsiţ",
    "18": "Salah ad Din",
    "15": "Nineveh",
    "14": "Maysan",
    "12": "Karbalāʼ",
    "11": "Erbil",
    "10": "Diyālá",
    "09": "Dhi Qar",
    "08": "Duhok",
    "07": "Baghdad",
    "06": "Bābil",
    "13": "Kirkuk",
    "05": "Sulaymaniyah",
    "17": "An Najaf",
    "04": "Al Qādisīyah",
    "03": "Al Muthanna Governorate",
    "01": "Al Anbar",
    "19": "Halabja Governorate"
  },
  "IR": {
    "26": "Tehran",
    "36": "Zanjan",
    "40": "Yazd Province",
    "25": "Semnan",
    "35": "Māzandarān",
    "34": "Markazi",
    "23": "Lorestan Province",
    "16": "Kurdistan Province",
    "05": "Kohgiluyeh and Boyer-Ahmad",
    "15": "Khuzestan",
    "13": "Kermanshah Province",
    "29": "Kerman",
    "10": "Ilam Province",
    "11": "Hormozgan",
    "09": "Hamadan Province",
    "08": "Gilan Province",
    "07": "Fars",
    "03": "Chaharmahal and Bakhtiari",
    "22": "Bushehr",
    "33": "East Azerbaijan",
    "01": "West Azerbaijan",
    "32": "Ardabil Province",
    "28": "Isfahan",
    "37": "Golestan",
    "38": "Qazvin Province",
    "39": "Qom Province",
    "04": "Sistan and Baluchestan",
    "41": "South Khorasan Province",
    "42": "Razavi Khorasan",
    "43": "North Khorasan",
    "44": "Alborz Province"
  },
  "IS": {
    "41": "Northwest",
    "40": "Northeast",
    "38": "East",
    "42": "South",
    "39": "Capital Region",
    "43": "Southern Peninsula",
    "45": "West",
    "44": "Westfjords"
  },
  "IT": {
    "15": "Sicily",
    "14": "Sardinia",
    "03": "Calabria",
    "20": "Veneto",
    "19": "Aosta Valley",
    "18": "Umbria",
    "17": "Trentino-Alto Adige",
    "16": "Tuscany",
    "13": "Apulia",
    "12": "Piedmont",
    "11": "Molise",
    "10": "The Marches",
    "09": "Lombardy",
    "08": "Liguria",
    "07": "Lazio",
    "06": "Friuli Venezia Giulia",
    "05": "Emilia-Romagna",
    "04": "Campania",
    "02": "Basilicate",
    "01": "Abruzzo"
  },
  "JE": {
    "3237072": "St Clement",
    "3237073": "St Saviour",
    "3237200": "St. Brelade",
    "3237203": "Grouville",
    "3237212": "St Mary",
    "3237214": "St Lawrence",
    "3237221": "St Peter",
    "3237229": "St Ouen",
    "3237497": "St John",
    "3237530": "Trinity",
    "3237716": "St Martîn",
    "3237864": "St Helier"
  },
  "JM": {
    "16": "Westmoreland",
    "15": "Trelawny Parish",
    "14": "Saint Thomas Parish",
    "13": "Saint Mary Parish",
    "12": "Saint James Parish",
    "11": "St. Elizabeth",
    "10": "Saint Catherine Parish",
    "09": "Saint Ann Parish",
    "08": "Saint Andrew Parish",
    "07": "Portland Parish",
    "04": "Manchester",
    "17": "Kingston",
    "02": "Hanover",
    "01": "Clarendon"
  },
  "JO": {
    "19": "Ma’an",
    "18": "Irbid",
    "17": "Zarqa",
    "12": "Tafielah",
    "16": "Amman",
    "15": "Mafraq",
    "09": "Karak",
    "02": "Balqa",
    "20": "Ajlun",
    "22": "Jerash",
    "21": "Aqaba",
    "23": "Madaba"
  },
  "JP": {
    "46": "Yamanashi",
    "45": "Yamaguchi",
    "43": "Wakayama",
    "42": "Toyama",
    "41": "Tottori",
    "40": "Tokyo",
    "39": "Tokushima",
    "38": "Tochigi",
    "37": "Shizuoka",
    "36": "Shimane",
    "35": "Shiga",
    "34": "Saitama",
    "33": "Saga",
    "32": "Osaka",
    "47": "Okinawa",
    "31": "Okayama",
    "30": "Oita",
    "29": "Niigata",
    "28": "Nara",
    "27": "Nagasaki",
    "26": "Nagano",
    "25": "Miyazaki",
    "23": "Mie",
    "22": "Kyoto",
    "21": "Kumamoto",
    "20": "Kochi",
    "19": "Kanagawa",
    "18": "Kagoshima",
    "17": "Kagawa",
    "15": "Ishikawa",
    "13": "Hyōgo",
    "11": "Hiroshima",
    "10": "Gunma",
    "09": "Gifu",
    "07": "Fukuoka",
    "06": "Fukui",
    "05": "Ehime",
    "01": "Aichi",
    "44": "Yamagata",
    "24": "Miyagi",
    "16": "Iwate",
    "14": "Ibaraki",
    "08": "Fukushima",
    "04": "Chiba",
    "02": "Akita",
    "12": "Hokkaido",
    "03": "Aomori"
  },
  "KE": {
    "55": "West Pokot County",
    "54": "Wajir County",
    "52": "Uasin Gishu County",
    "51": "Turkana County",
    "50": "Trans Nzoia",
    "49": "Tharaka - Nithi",
    "48": "Tana River County",
    "46": "Siaya County",
    "45": "Samburu County",
    "05": "Nairobi County",
    "38": "Murang'A",
    "37": "Mombasa County",
    "35": "Meru County",
    "34": "Marsabit County",
    "33": "Mandera County",
    "29": "Laikipia",
    "28": "Kwale County",
    "27": "Kitui County",
    "26": "Kisumu County",
    "25": "Kisii County",
    "24": "Kirinyaga County",
    "23": "Kilifi County",
    "22": "Kiambu County",
    "21": "Kericho County",
    "20": "Kakamega County",
    "18": "Isiolo County",
    "16": "Garissa County",
    "15": "Embu County",
    "13": "Busia County",
    "12": "Bungoma County",
    "10": "Baringo",
    "43": "Nyandarua County",
    "53": "Vihiga County",
    "30": "Lamu",
    "31": "Machakos County",
    "32": "Makueni County",
    "14": "Elegeyo-Marakwet",
    "47": "Taita Taveta",
    "19": "Kajiado County",
    "44": "Nyeri County",
    "17": "Homa Bay County",
    "11": "Bomet County",
    "36": "Migori County",
    "39": "Nakuru County",
    "41": "Narok County",
    "42": "Nyamira county",
    "40": "Nandi"
  },
  "KG": {
    "08": "Osh Region",
    "09": "Batken",
    "06": "Talas Region",
    "04": "Naryn Region",
    "07": "Issyk-Kul",
    "01": "Bishkek",
    "03": "Jalal-Abad Region",
    "02": "Chuy Region",
    "10": "Osh City"
  },
  "KH": {
    "12": "Pursat",
    "29": "Battambang",
    "19": "Takeo",
    "18": "Svay Rieng",
    "17": "Stung Treng",
    "27": "Ŏtâr Méanchey",
    "24": "Siem Reap",
    "23": "Ratanakiri",
    "14": "Prey Veng",
    "13": "Preah Vihear",
    "22": "Phnom Penh",
    "30": "Pailin",
    "10": "Mondolkiri",
    "09": "Kratie",
    "26": "Kep",
    "08": "Koh Kong",
    "07": "Kandal",
    "21": "Kampot",
    "05": "Kampong Thom",
    "04": "Kampong Speu Province",
    "03": "Kampong Chhnang",
    "02": "Kampong Cham",
    "28": "Preah Sihanouk",
    "25": "Banteay Meanchey",
    "31": "Tboung Khmum"
  },
  "KI": {
    "01": "Gilbert Islands",
    "02": "Line Islands",
    "03": "Phoenix Islands"
  },
  "KM": {
    "03": "Mohéli",
    "02": "Grande Comore",
    "01": "Anjouan"
  },
  "KN": {
    "15": "Trinity Palmetto Point",
    "13": "Middle Island",
    "12": "Saint Thomas Lowland",
    "11": "Saint Peter Basseterre",
    "10": "Saint Paul Charlestown",
    "09": "Saint Paul Capesterre",
    "08": "Saint Mary Cayon",
    "07": "Saint John Figtree",
    "06": "Saint John Capesterre",
    "05": "Saint James Windwa",
    "04": "Saint George Gingerland",
    "03": "Saint George Basseterre",
    "02": "Saint Anne Sandy Point",
    "01": "Christ Church Nichola Town"
  },
  "KP": {
    "12": "Pyongyang",
    "15": "South Pyongan",
    "11": "P'yŏngan-bukto",
    "09": "Kangwŏn-do",
    "06": "South Hwanghae",
    "07": "North Hwanghae",
    "03": "South Hamgyong",
    "13": "Yanggang-do",
    "17": "North Hamgyong",
    "01": "Chagang",
    "18": "Rason",
    "14": "Nampo",
    "19": "Kaesong"
  },
  "KR": {
    "21": "Ulsan",
    "19": "Daejeon",
    "15": "Daegu",
    "11": "Seoul",
    "10": "Busan",
    "14": "Gyeongsangbuk-do",
    "13": "Gyeonggi-do",
    "18": "Gwangju",
    "06": "Gangwon-do",
    "12": "Incheon",
    "17": "Chungcheongnam-do",
    "05": "North Chungcheong",
    "16": "Jeollanam-do",
    "03": "Jeollabuk-do",
    "01": "Jeju-do",
    "20": "Gyeongsangnam-do",
    "22": "Sejong-si"
  },
  "KW": {
    "08": "Hawalli",
    "02": "Al Asimah",
    "05": "Al Jahra Governorate",
    "07": "Al Farwaniyah",
    "04": "Al Aḩmadī",
    "09": "Mubārak al Kabīr"
  },
  "KY": {
    "10346796": "George Town",
    "10375968": "West Bay",
    "10375969": "Bodden Town",
    "10375970": "North Side",
    "10375971": "East End",
    "10375972": "Sister Island"
  },
  "KZ": {
    "07": "Batys Qazaqstan",
    "09": "Mangghystaū",
    "06": "Atyrau Oblisi",
    "04": "Aktyubinskaya Oblast’",
    "15": "East Kazakhstan",
    "03": "Aqmola",
    "16": "North Kazakhstan",
    "11": "Pavlodar Region",
    "14": "Qyzylorda",
    "13": "Qostanay",
    "12": "Karaganda",
    "17": "Zhambyl",
    "10": "Turkistan",
    "02": "Almaty",
    "01": "Almaty Region",
    "1537272": "Shymkent",
    "08": "Baikonur",
    "05": "Astana",
    "12510143": "Abai Region",
    "12510144": "Jetisu Region",
    "12510145": "Ulytau Region"
  },
  "LA": {
    "14": "Xiangkhoang",
    "13": "Xiagnabouli",
    "27": "Vientiane",
    "20": "Savannakhet Province",
    "19": "Salavan Province",
    "18": "Phôngsali",
    "07": "Oudômxai",
    "17": "Luang Prabang Province",
    "16": "Loungnamtha",
    "15": "Khammouane Province",
    "03": "Houaphan",
    "02": "Champasak Province",
    "01": "Attapu",
    "26": "Xékong",
    "22": "Bokeo",
    "23": "Bolikhamsai",
    "24": "Vientiane Prefecture",
    "28": "Xaisomboun"
  },
  "LB": {
    "05": "Mont-Liban",
    "04": "Beyrouth",
    "09": "Liban-Nord",
    "06": "South Governorate",
    "08": "Béqaa",
    "07": "Nabatîyé",
    "10": "Aakkâr",
    "11": "Baalbek-Hermel Governorate"
  },
  "LC": {
    "10": "Vieux-Fort",
    "09": "Soufrière",
    "08": "Micoud",
    "07": "Laborie",
    "06": "Gros-Islet",
    "05": "Dennery",
    "04": "Choiseul",
    "03": "Castries",
    "01": "Anse-la-Raye",
    "12": "Canaries"
  },
  "LI": {
    "11": "Vaduz",
    "10": "Triesenberg",
    "09": "Triesen",
    "08": "Schellenberg",
    "07": "Schaan",
    "06": "Ruggell",
    "05": "Planken",
    "04": "Mauren",
    "03": "Gamprin",
    "02": "Eschen",
    "01": "Balzers"
  },
  "LK": {
    "36": "Western Province",
    "35": "Uva Province",
    "34": "Southern Province",
    "33": "Sabaragamuwa Province",
    "32": "North Western Province",
    "30": "North Central Province",
    "29": "Central Province",
    "38": "Northern Province",
    "37": "Eastern Province"
  },
  "LR": {
    "10": "Sinoe County",
    "09": "Nimba",
    "14": "Montserrado County",
    "13": "Maryland County",
    "20": "Lofa County",
    "19": "Grand Gedeh County",
    "12": "Grand Cape Mount County",
    "11": "Grand Bassa County",
    "01": "Bong County",
    "15": "Bomi County",
    "16": "Grand Kru County",
    "17": "Margibi County",
    "18": "River Cess County",
    "21": "Gbarpolu County",
    "22": "River Gee County"
  },
  "LS": {
    "19": "Thaba-Tseka",
    "18": "Quthing",
    "17": "Qacha's Nek District",
    "16": "Mokhotlong District",
    "15": "Mohale's Hoek District",
    "14": "Maseru District",
    "13": "Mafeteng District",
    "12": "Leribe",
    "11": "Butha-Buthe",
    "10": "Berea"
  },
  "LT": {
    "56": "Alytus",
    "57": "Kaunas",
    "58": "Klaipėda County",
    "59": "Marijampolė County",
    "60": "Panevėžys",
    "61": "Siauliai",
    "62": "Tauragė County",
    "63": "Telsiai",
    "64": "Utena",
    "65": "Vilnius"
  },
  "LU": {
    "WI": "Wiltz",
    "VD": "Vianden",
    "RM": "Remich",
    "RD": "Redange",
    "ME": "Mersch",
    "LU": "Luxembourg",
    "GR": "Grevenmacher",
    "ES": "Esch-sur-Alzette",
    "EC": "Echternach",
    "DI": "Diekirch",
    "CL": "Clervaux",
    "CA": "Capellen"
  },
  "LV": {
    "33": "Ventspils Municipality",
    "32": "Ventspils",
    "31": "Valmiera",
    "30": "Valka",
    "29": "Tukums Municipality",
    "28": "Talsi Municipality",
    "27": "Saldus Rajons",
    "25": "Riga",
    "24": "Rēzekne Municipality",
    "23": "Rēzekne",
    "22": "Preiļu novads",
    "21": "Ogre",
    "20": "Madona Municipality",
    "19": "Ludza Municipality",
    "18": "Limbaži Municipality",
    "16": "Liepāja",
    "15": "Kuldīga Municipality",
    "14": "Krāslava Municipality",
    "13": "Jūrmala",
    "12": "Jelgava Municipality",
    "11": "Jelgava",
    "10": "Jēkabpils Municipality",
    "09": "Gulbene Municipality",
    "08": "Dobele Municipality",
    "06": "Daugavpils",
    "05": "Cēsis Municipality",
    "04": "Bauska Municipality",
    "03": "Balvi Municipality",
    "02": "Alūksne Municipality",
    "01": "Aizkraukle Municipality",
    "95": "Mārupe",
    "A2": "Olaine",
    "80": "Ķekava",
    "C3": "Salaspils Municipality",
    "34": "Ādaži",
    "90": "Līvāni",
    "E1": "Varakļāni Municipality",
    "B5": "Ropaži Municipality",
    "C7": "Sigulda Municipality",
    "C5": "Saulkrasti Municipality",
    "D1": "Smiltene Municipality",
    "DN": "South Kurzeme Municipality",
    "AN": "Augšdaugava Municipality"
  },
  "LY": {
    "70": "Darnah",
    "69": "Banghāzī",
    "66": "Al Marj",
    "65": "Al Kufrah",
    "63": "Al Jabal al Akhḑar",
    "77": "Tripoli",
    "76": "Surt",
    "75": "Sabha District",
    "74": "Nālūt",
    "73": "Murzuq District",
    "72": "Mişrātah",
    "71": "Ghāt",
    "68": "Az Zāwiyah",
    "78": "Ash Shāţiʼ",
    "64": "Al Jufrah",
    "67": "An Nuqāţ al Khams",
    "79": "Al Buţnān",
    "80": "Jabal al Gharbi",
    "81": "Al Jafārah",
    "82": "Al Marqab",
    "83": "Al Wāḩāt",
    "84": "Wādī al Ḩayāt"
  },
  "MA": {
    "01": "Tanger-Tetouan-Al Hoceima",
    "02": "Oriental",
    "03": "Fès-Meknès",
    "04": "Rabat-Salé-Kénitra",
    "05": "Béni Mellal-Khénifra",
    "06": "Casablanca-Settat",
    "07": "Marrakesh-Safi",
    "08": "Drâa-Tafilalet",
    "09": "Souss-Massa",
    "10": "Guelmim-Oued Noun",
    "11": "Laâyoune-Sakia El Hamra",
    "12": "Dakhla-Oued Ed-Dahab"
  },
  "MC": {
    "00": "Municipality of Monaco"
  },
  "MD": {
    "73": "Raionul Edineţ",
    "92": "Ungheni",
    "91": "Teleneşti",
    "90": "Taraclia",
    "88": "Ştefan-Vodă",
    "89": "Strășeni",
    "87": "Soroca District",
    "84": "Rîşcani",
    "83": "Rezina",
    "82": "Orhei",
    "81": "Raionul Ocniţa",
    "59": "Anenii Noi",
    "80": "Nisporeni",
    "79": "Leova",
    "85": "Sîngerei",
    "69": "Criuleni",
    "78": "Ialoveni",
    "57": "Chișinău Municipality",
    "67": "Căuşeni",
    "65": "Cantemir",
    "66": "Călăraşi",
    "64": "Cahul",
    "76": "Glodeni",
    "75": "Floreşti",
    "74": "Fălești",
    "72": "Dubăsari District",
    "71": "Drochia",
    "70": "Donduşeni",
    "68": "Cimişlia",
    "63": "Briceni",
    "61": "Basarabeasca",
    "77": "Hînceşti",
    "86": "Şoldăneşti",
    "58": "Transnistria",
    "51": "Gagauzia",
    "62": "Bender Municipality",
    "60": "Bălţi"
  },
  "ME": {
    "17": "Rožaje Municipality",
    "21": "Opština Žabljak",
    "20": "Ulcinj",
    "19": "Tivat",
    "16": "Podgorica",
    "18": "Opština Šavnik",
    "15": "Opština Plužine",
    "14": "Pljevlja",
    "13": "Opština Plav",
    "12": "Opština Nikšić",
    "11": "Mojkovac",
    "10": "Kotor",
    "09": "Opština Kolašin",
    "03": "Berane",
    "08": "Herceg Novi",
    "07": "Danilovgrad",
    "06": "Cetinje",
    "05": "Budva",
    "04": "Bijelo Polje",
    "02": "Bar",
    "01": "Andrijevica",
    "22": "Gusinje Municipality",
    "23": "Petnjica Municipality",
    "24": "Tuzi Municipality",
    "25": "Zeta"
  },
  "MG": {
    "71": "Diana",
    "72": "Sava",
    "42": "Sofia",
    "32": "Analanjirofo",
    "41": "Boeny",
    "43": "Betsiboka",
    "33": "Alaotra Mangoro",
    "44": "Melaky",
    "14": "Bongolava",
    "12": "Vakinankaratra",
    "13": "Itasy",
    "11": "Analamanga",
    "31": "Atsinanana",
    "54": "Menabe",
    "22": "Amoron'i Mania",
    "21": "Upper Matsiatra",
    "24": "Ihorombe",
    "25": "Atsimo-Atsinanana",
    "53": "Anosy",
    "52": "Androy",
    "51": "Atsimo-Andrefana",
    "26": "Fitovinany Region",
    "27": "Vatovavy Region"
  },
  "MH": {
    "007": "Ailinginae Atoll",
    "010": "Ailinglaplap Atoll",
    "030": "Ailuk Atoll",
    "040": "Arno Atoll",
    "050": "Aur Atoll",
    "060": "Bikar Atoll",
    "070": "Bikini Atoll",
    "080": "Ebon Atoll",
    "090": "Enewetak Atoll",
    "100": "Erikub Atoll",
    "120": "Jaluit Atoll",
    "150": "Kwajalein Atoll",
    "160": "Lae Atoll",
    "180": "Likiep Atoll",
    "190": "Majuro Atoll",
    "300": "Maloelap Atoll",
    "320": "Mili Atoll",
    "330": "Namdrik Atoll",
    "340": "Namu Atoll",
    "350": "Rongelap Atoll",
    "360": "Rongrik Atoll",
    "385": "Taka Atoll",
    "073": "Bokak Atoll",
    "390": "Ujae Atoll",
    "400": "Ujelang",
    "410": "Utrik Atoll",
    "420": "Wotho Atoll",
    "430": "Wotje Atoll",
    "110": "Jabat Island",
    "130": "Jemo Island",
    "140": "Kili Island",
    "170": "Lib Island",
    "310": "Mejit Island"
  },
  "MK": {
    "E9": "Valandovo",
    "86": "Resen",
    "51": "Kratovo",
    "78": "Pehchevo",
    "72": "Novo Selo",
    "11": "Bosilovo",
    "A9": "Vasilevo",
    "E5": "Dojran",
    "08": "Bogdanci",
    "47": "Konche",
    "62": "Makedonska Kamenica",
    "C6": "Zrnovci",
    "40": "Karbinci",
    "25": "Demir Kapija",
    "87": "Rosoman",
    "35": "Gradsko",
    "60": "Lozovo",
    "19": "Češinovo-Obleševo",
    "E1": "Novaci",
    "04": "Berovo",
    "06": "Bitola",
    "D9": "Mogila",
    "01": "Arachinovo",
    "C7": "Bogovinje",
    "12": "Brvenica",
    "C9": "Chashka",
    "18": "Centar Zhupa",
    "20": "Chucher Sandevo",
    "D2": "Debar",
    "22": "Delchevo",
    "D3": "Demir Hisar",
    "28": "Dolneni",
    "33": "Gevgelija",
    "D4": "Gostivar",
    "36": "Ilinden",
    "D5": "Jegunovce",
    "D6": "Kavadarci",
    "43": "Kichevo",
    "46": "Kochani",
    "52": "Kriva Palanka",
    "53": "Krivogashtani",
    "54": "Krushevo",
    "D7": "Kumanovo",
    "59": "Lipkovo",
    "D8": "Makedonski Brod",
    "69": "Negotino",
    "E2": "Ohrid",
    "79": "Petrovec",
    "80": "Plasnica",
    "E3": "Prilep",
    "83": "Probishtip",
    "84": "Radovish",
    "85": "Rankovce",
    "E4": "Mavrovo and Rostuša",
    "92": "Sopište",
    "97": "Staro Nagorichane",
    "98": "Shtip",
    "E6": "Struga",
    "E7": "Strumica",
    "A2": "Studenichani",
    "A4": "Sveti Nikole",
    "A5": "Tearce",
    "E8": "Tetovo",
    "F1": "Veles",
    "B3": "Vevchani",
    "B4": "Vinica",
    "B7": "Vrapchishte",
    "C2": "Zelenikovo",
    "C3": "Zhelino",
    "F5": "Debarca",
    "F6": "Grad Skopje"
  },
  "ML": {
    "08": "Tombouctou",
    "06": "Sikasso",
    "05": "Ségou",
    "04": "Mopti",
    "07": "Koulikoro",
    "03": "Kayes",
    "09": "Gao",
    "01": "Bamako",
    "10": "Kidal",
    "12070575": "Taoudénit",
    "12070577": "Ménaka"
  },
  "MM": {
    "12": "Tanintharyi Region",
    "11": "Shan State",
    "10": "Sagaing Region",
    "17": "Yangon",
    "01": "Rakhine",
    "16": "Bago Region",
    "13": "Mon",
    "08": "Mandalay Region",
    "15": "Magway",
    "06": "Kayah State",
    "05": "Kayin State",
    "04": "Kachin State",
    "03": "Ayeyarwady",
    "02": "Chin State",
    "18": "Nay Pyi Taw"
  },
  "MN": {
    "19": "Uvs Province",
    "12": "Hovd",
    "10": "Govi-Altai Province",
    "09": "Dzabkhan",
    "03": "Bayan-Ölgii Province",
    "02": "Bayanhongor",
    "20": "Ulaanbaatar",
    "18": "Central Aimak",
    "17": "Sühbaatar",
    "16": "Selenge Province",
    "15": "Övörhangay",
    "14": "Ömnögovĭ",
    "13": "Khövsgöl Province",
    "11": "Hentiy",
    "08": "Middle Govĭ",
    "07": "East Gobi Aymag",
    "06": "East Aimak",
    "21": "Bulgan",
    "01": "Arkhangai Province",
    "23": "Darhan Uul",
    "24": "Govĭ-Sumber",
    "25": "Orhon"
  },
  "MO": {
    "11875154": "Nossa Senhora de Fátima",
    "11875155": "Santo António",
    "11875156": "São Lázaro",
    "11875157": "Sé",
    "11875158": "São Lourenço",
    "11875159": "Nossa Senhora do Carmo",
    "11875160": "Cotai",
    "11875161": "São Francisco Xavier"
  },
  "MP": {
    "100": "Rota",
    "110": "Saipan",
    "120": "Tinian",
    "085": "Northern Islands"
  },
  "MQ": {
    "MQ": "Martinique"
  },
  "MR": {
    "06": "Trarza",
    "11": "Tiris Zemmour",
    "09": "Tagant",
    "12": "Inchiri",
    "02": "Hodh El Gharbi",
    "01": "Hodh Ech Chargi",
    "10": "Guidimaka",
    "04": "Gorgol",
    "08": "Dakhlet Nouadhibou",
    "05": "Brakna",
    "03": "Assaba",
    "07": "Adrar",
    "13": "Nouakchott Ouest",
    "14": "Nouakchott Nord",
    "15": "Nouakchott Sud"
  },
  "MS": {
    "03": "Saint Peter",
    "02": "Saint Georges",
    "01": "Saint Anthony"
  },
  "MT": {
    "01": "Attard",
    "02": "Balzan",
    "03": "Il-Birgu",
    "04": "Birkirkara",
    "05": "Birżebbuġa",
    "06": "Bormla",
    "07": "Dingli",
    "08": "Il-Fgura",
    "09": "Floriana",
    "10": "Il-Fontana",
    "11": "Għajnsielem",
    "12": "L-Għarb",
    "13": "Ħal Għargħur",
    "14": "L-Għasri",
    "15": "Ħal Għaxaq",
    "16": "Il-Gudja",
    "17": "Il-Gżira",
    "18": "Il-Ħamrun",
    "19": "L-Iklin",
    "20": "L-Imdina",
    "21": "L-Imġarr",
    "22": "L-Imqabba",
    "23": "L-Imsida",
    "24": "Mtarfa",
    "25": "Senglea",
    "26": "Il-Kalkara",
    "27": "Ta’ Kerċem",
    "28": "Kirkop",
    "29": "Lija",
    "30": "Luqa",
    "31": "Il-Marsa",
    "32": "Marsaskala",
    "33": "Marsaxlokk",
    "34": "Il-Mellieħa",
    "35": "Il-Mosta",
    "36": "Il-Munxar",
    "37": "In-Nadur",
    "38": "In-Naxxar",
    "39": "Paola",
    "40": "Pembroke",
    "41": "Tal-Pietà",
    "42": "Il-Qala",
    "43": "Qormi",
    "44": "Il-Qrendi",
    "45": "Ir-Rabat",
    "46": "Victoria",
    "47": "Safi",
    "48": "Saint John",
    "49": "Saint Julian",
    "50": "Saint Lawrence",
    "51": "Saint Lucia",
    "52": "Saint Paul’s Bay",
    "53": "Saint Venera",
    "54": "Sannat",
    "55": "Is-Siġġiewi",
    "56": "Tas-Sliema",
    "57": "Is-Swieqi",
    "58": "Tarxien",
    "59": "Ta’ Xbiex",
    "61": "Ix-Xagħra",
    "62": "Ix-Xewkija",
    "63": "Ix-Xgħajra",
    "64": "Ħaż-Żabbar",
    "65": "Ħaż-Żebbuġ",
    "66": "Iż-Żebbuġ",
    "67": "Iż-Żejtun",
    "68": "Iż-Żurrieq",
    "60": "Valletta"
  },
  "MU": {
    "21": "Agalega Islands",
    "20": "Savanne",
    "19": "Rivière du Rempart",
    "18": "Port Louis",
    "17": "Plaines Wilhems",
    "16": "Pamplemousses",
    "15": "Moka",
    "14": "Grand Port",
    "13": "Flacq",
    "12": "Black River",
    "22": "Cargados Carajos",
    "23": "Rodrigues"
  },
  "MV": {
    "47": "Vaavu Atholhu",
    "46": "Thaa Atholhu",
    "45": "Shaviyani Atholhu",
    "01": "Seenu",
    "44": "Raa Atoll",
    "43": "Noonu Atoll",
    "42": "Gnyaviyani Atoll",
    "41": "Meemu Atholhu",
    "39": "Faadhippolhu Atoll",
    "05": "Laamu",
    "38": "Kaafu Atoll",
    "37": "Haa Dhaalu Atholhu",
    "36": "Haa Alifu Atholhu",
    "35": "Gaafu Dhaalu Atoll",
    "34": "Gaafu Alif Atoll",
    "33": "Faafu Atholhu",
    "32": "Dhaalu Atholhu",
    "31": "Baa Atholhu",
    "30": "Northern Ari Atoll",
    "40": "Male",
    "10346475": "Southern Ari Atoll"
  },
  "MW": {
    "S": "Southern Region",
    "N": "Northern Region",
    "C": "Central Region"
  },
  "MX": {
    "31": "Yucatán",
    "30": "Veracruz",
    "29": "Tlaxcala",
    "28": "Tamaulipas",
    "27": "Tabasco",
    "23": "Quintana Roo",
    "22": "Querétaro",
    "21": "Puebla",
    "20": "Oaxaca",
    "19": "Nuevo León",
    "17": "Morelos",
    "15": "México",
    "13": "Hidalgo",
    "12": "Guerrero",
    "09": "Mexico City",
    "05": "Chiapas",
    "04": "Campeche",
    "32": "Zacatecas",
    "26": "Sonora",
    "25": "Sinaloa",
    "24": "San Luis Potosí",
    "18": "Nayarit",
    "16": "Michoacán",
    "14": "Jalisco",
    "11": "Guanajuato",
    "10": "Durango",
    "08": "Colima",
    "07": "Coahuila",
    "06": "Chihuahua",
    "03": "Baja California Sur",
    "02": "Baja California",
    "01": "Aguascalientes"
  },
  "MY": {
    "04": "Melaka",
    "13": "Terengganu",
    "12": "Selangor",
    "11": "Sarawak",
    "16": "Sabah",
    "08": "Perlis",
    "07": "Perak",
    "06": "Pahang",
    "05": "Negeri Sembilan",
    "03": "Kelantan",
    "14": "Kuala Lumpur",
    "09": "Penang",
    "02": "Kedah",
    "01": "Johor",
    "15": "Labuan",
    "17": "Putrajaya"
  },
  "MZ": {
    "09": "Zambezia Province",
    "08": "Tete",
    "05": "Sofala",
    "07": "Niassa Province",
    "06": "Nampula",
    "04": "Maputo Province",
    "10": "Manica",
    "03": "Inhambane Province",
    "02": "Gaza Province",
    "01": "Cabo Delgado Province",
    "11": "Maputo City"
  },
  "NA": {
    "28": "Zambezi Region",
    "21": "Khomas Region",
    "29": "Erongo Region",
    "30": "Hardap Region",
    "31": "Karas Region",
    "32": "Kunene Region",
    "33": "Ohangwena Region",
    "35": "Omaheke Region",
    "36": "Omusati Region",
    "37": "Oshana Region",
    "38": "Oshikoto Region",
    "39": "Otjozondjupa Region",
    "40": "Kavango East",
    "41": "Kavango West"
  },
  "NC": {
    "02": "South Province",
    "01": "North Province",
    "03": "Loyalty Islands"
  },
  "NE": {
    "07": "Zinder Region",
    "06": "Tahoua Region",
    "04": "Maradi Region",
    "03": "Dosso Region",
    "02": "Diffa",
    "01": "Agadez",
    "09": "Tillabéri Region",
    "08": "Niamey"
  },
  "NG": {
    "51": "Sokoto",
    "50": "Rivers State",
    "49": "Plateau State",
    "32": "Oyo State",
    "48": "Ondo State",
    "16": "Ogun State",
    "31": "Niger State",
    "05": "Lagos",
    "30": "Kwara State",
    "24": "Katsina State",
    "29": "Kano State",
    "23": "Kaduna State",
    "28": "Imo State",
    "22": "Cross River State",
    "27": "Borno State",
    "26": "Benue State",
    "46": "Bauchi",
    "25": "Anambra",
    "21": "Akwa Ibom State",
    "11": "FCT",
    "45": "Abia State",
    "36": "Delta",
    "35": "Adamawa",
    "37": "Edo State",
    "47": "Enugu State",
    "39": "Jigawa State",
    "52": "Bayelsa State",
    "53": "Ebonyi State",
    "54": "Ekiti State",
    "55": "Gombe State",
    "56": "Nasarawa State",
    "57": "Zamfara State",
    "40": "Kebbi",
    "41": "Kogi State",
    "42": "Osun State",
    "43": "Taraba State",
    "44": "Yobe State"
  },
  "NI": {
    "15": "Rivas Department",
    "14": "Río San Juan Department",
    "13": "Nueva Segovia Department",
    "12": "Matagalpa Department",
    "11": "Masaya Department",
    "10": "Managua Department",
    "09": "Madriz Department",
    "08": "León Department",
    "07": "Jinotega Department",
    "06": "Granada Department",
    "05": "Estelí Department",
    "04": "Chontales Department",
    "03": "Chinandega Department",
    "02": "Carazo Department",
    "01": "Boaco Department",
    "17": "North Caribbean Coast",
    "18": "South Caribbean Coast"
  },
  "NL": {
    "11": "South Holland",
    "10": "Zeeland",
    "09": "Utrecht",
    "15": "Overijssel",
    "07": "North Holland",
    "06": "North Brabant",
    "05": "Limburg",
    "04": "Groningen",
    "03": "Gelderland",
    "02": "Friesland",
    "01": "Drenthe",
    "16": "Flevoland"
  },
  "NO": {
    "05": "Finnmark",
    "20": "Vestfold",
    "18": "Troms",
    "17": "Telemark",
    "14": "Rogaland",
    "13": "Østfold",
    "12": "Oslo",
    "09": "Nordland",
    "08": "Møre og Romsdal",
    "04": "Buskerud",
    "01": "Akershus",
    "21": "Trøndelag",
    "42": "Agder",
    "34": "Innlandet",
    "46": "Vestland"
  },
  "NP": {
    "1": "Koshi",
    "2": "Madhesh",
    "3": "Bagmati Province",
    "4": "Province 4",
    "5": "Lumbini Province",
    "6": "Karnali Pradesh",
    "7": "Sudurpashchim Pradesh"
  },
  "NR": {
    "14": "Yaren District",
    "13": "Uaboe District",
    "12": "Nibok District",
    "11": "Meneng District",
    "10": "Ijuw District",
    "09": "Ewa District",
    "08": "Denigomodu District",
    "07": "Buada District",
    "06": "Boe District",
    "05": "Baiti District",
    "04": "Anibare District",
    "03": "Anetan District",
    "02": "Anabar District",
    "01": "Aiwo District"
  },
  "NZ": {
    "G2": "Wellington Region",
    "F3": "Manawatu-Wanganui",
    "G1": "Waikato Region",
    "TAS": "Tasman District",
    "F9": "Taranaki Region",
    "F8": "Southland",
    "E8": "Bay of Plenty",
    "F6": "Northland",
    "F4": "Marlborough",
    "F2": "Hawke's Bay Region",
    "F1": "Gisborne",
    "E9": "Canterbury",
    "E7": "Auckland",
    "10": "Chatham Islands",
    "F5": "Nelson Region",
    "F7": "Otago",
    "G3": "West Coast"
  },
  "OM": {
    "01": "Ad Dakhiliyah",
    "02": "Al Batinah South",
    "03": "Al Wusta Governorate",
    "04": "Southeastern Governorate",
    "09": "Ad Dhahirah",
    "06": "Muscat",
    "07": "Musandam Governorate",
    "08": "Dhofar",
    "10": "Al Buraimi",
    "12": "Northeastern Governorate",
    "11": "Al Batinah North"
  },
  "PA": {
    "10": "Veraguas Province",
    "09": "Guna Yala",
    "08": "Panamá",
    "07": "Los Santos Province",
    "06": "Herrera Province",
    "05": "Darién",
    "04": "Colón",
    "03": "Coclé",
    "02": "Chiriquí Province",
    "01": "Bocas del Toro Province",
    "11": "Emberá",
    "12": "Ngöbe-Buglé Comarca",
    "13": "Panamá Oeste Province",
    "NT": "Naso Tjër Di"
  },
  "PE": {
    "25": "Ucayali",
    "24": "Tumbes",
    "22": "San Martín Department",
    "20": "Piura",
    "16": "Loreto",
    "14": "Lambayeque",
    "13": "La Libertad",
    "10": "Huánuco Department",
    "06": "Cajamarca Department",
    "02": "Ancash",
    "01": "Amazonas",
    "23": "Tacna",
    "21": "Puno",
    "19": "Pasco",
    "18": "Moquegua Department",
    "17": "Madre de Dios",
    "LMA": "Lima Province",
    "15": "Lima region",
    "12": "Junin",
    "11": "Ica",
    "09": "Huancavelica",
    "08": "Cuzco Department",
    "07": "Callao",
    "05": "Ayacucho",
    "04": "Arequipa",
    "03": "Apurímac Department"
  },
  "PF": {
    "04": "Îles Marquises",
    "03": "Îles Tuamotu-Gambier",
    "02": "Leeward Islands",
    "01": "Îles du Vent",
    "05": "Îles Australes"
  },
  "PG": {
    "17": "West New Britain Province",
    "06": "Western Province",
    "16": "Western Highlands Province",
    "05": "Southern Highlands Province",
    "18": "Sandaun Province",
    "07": "Bougainville",
    "04": "Oro Province",
    "15": "New Ireland",
    "20": "National Capital",
    "14": "Morobe Province",
    "13": "Manus Province",
    "12": "Madang Province",
    "02": "Gulf Province",
    "19": "Enga Province",
    "11": "East Sepik Province",
    "10": "East New Britain Province",
    "09": "Eastern Highlands Province",
    "08": "Chimbu Province",
    "03": "Milne Bay Province",
    "01": "Central Province",
    "21": "Hela Province",
    "22": "Jiwaka Province"
  },
  "PH": {
    "14": "Autonomous Region in Muslim Mindanao",
    "10": "Northern Mindanao",
    "41": "Mimaropa",
    "02": "Cagayan Valley",
    "12": "Soccsksargen",
    "13": "Caraga",
    "15": "Cordillera",
    "01": "Ilocos",
    "40": "Calabarzon",
    "06": "Western Visayas",
    "03": "Central Luzon",
    "07": "Central Visayas",
    "08": "Eastern Visayas",
    "09": "Zamboanga Peninsula",
    "11": "Davao Region",
    "05": "Bicol Region",
    "NCR": "Metro Manila"
  },
  "PK": {
    "08": "Islamabad",
    "05": "Sindh",
    "04": "Punjab",
    "03": "Khyber Pakhtunkhwa",
    "07": "Gilgit-Baltistan",
    "02": "Balochistan",
    "06": "Azad Kashmir"
  },
  "PL": {
    "75": "Lublin",
    "77": "Lesser Poland",
    "78": "Mazovia",
    "80": "Subcarpathia",
    "81": "Podlasie",
    "84": "Świętokrzyskie",
    "85": "Warmia-Masuria",
    "72": "Lower Silesia",
    "74": "Łódź Voivodeship",
    "76": "Lubusz",
    "79": "Opole Voivodeship",
    "82": "Pomerania",
    "83": "Silesia",
    "86": "Greater Poland",
    "87": "West Pomerania",
    "73": "Kujawsko-Pomorskie"
  },
  "PM": {
    "97502": "Saint-Pierre",
    "97501": "Miquelon-Langlade"
  },
  "PR": {
    "001": "Adjuntas",
    "003": "Aguada",
    "005": "Aguadilla",
    "007": "Aguas Buenas",
    "009": "Aibonito",
    "011": "Añasco",
    "013": "Arecibo",
    "015": "Arroyo",
    "017": "Barceloneta",
    "019": "Barranquitas",
    "021": "Bayamón",
    "023": "Cabo Rojo",
    "025": "Caguas",
    "027": "Camuy",
    "029": "Canóvanas",
    "031": "Carolina",
    "033": "Cataño",
    "035": "Cayey",
    "037": "Ceiba",
    "039": "Ciales",
    "041": "Cidra",
    "043": "Coamo",
    "045": "Comerío",
    "047": "Corozal",
    "049": "Culebra",
    "051": "Dorado",
    "053": "Fajardo",
    "054": "Florida",
    "055": "Guánica",
    "057": "Guayama",
    "059": "Guayanilla",
    "061": "Guaynabo",
    "063": "Gurabo",
    "065": "Hatillo",
    "067": "Hormigueros",
    "069": "Humacao",
    "071": "Isabela",
    "073": "Jayuya",
    "075": "Juana Díaz",
    "077": "Juncos",
    "079": "Lajas",
    "081": "Lares",
    "083": "Las Marías",
    "085": "Las Piedras",
    "087": "Loíza",
    "089": "Luquillo",
    "091": "Manatí",
    "093": "Maricao",
    "095": "Maunabo",
    "097": "Mayagüez",
    "099": "Moca",
    "101": "Morovis",
    "103": "Naguabo",
    "105": "Naranjito",
    "107": "Orocovis",
    "109": "Patillas",
    "111": "Peñuelas",
    "113": "Ponce",
    "117": "Rincón",
    "115": "Quebradillas",
    "119": "Río Grande",
    "121": "Sabana Grande",
    "123": "Salinas",
    "125": "San Germán",
    "127": "San Juan",
    "129": "San Lorenzo",
    "131": "San Sebastián",
    "133": "Santa Isabel",
    "135": "Toa Alta",
    "137": "Toa Baja",
    "139": "Trujillo Alto",
    "141": "Utuado",
    "143": "Vega Alta",
    "145": "Vega Baja",
    "149": "Villalba",
    "151": "Yabucoa",
    "153": "Yauco",
    "147": "Vieques"
  },
  "PS": {
    "GZ": "Gaza Strip",
    "WE": "West Bank"
  },
  "PT": {
    "19": "Setúbal",
    "18": "Santarém",
    "16": "Portalegre",
    "14": "Lisbon",
    "13": "Leiria",
    "09": "Faro",
    "08": "Évora",
    "06": "Castelo Branco",
    "03": "Beja",
    "10": "Madeira",
    "22": "Viseu",
    "21": "Vila Real",
    "20": "Viana do Castelo",
    "17": "Porto",
    "11": "Guarda",
    "07": "Coimbra",
    "05": "Bragança",
    "04": "Braga",
    "02": "Aveiro",
    "23": "Azores"
  },
  "PW": {
    "11": "Ngatpang",
    "16": "Sonsorol",
    "05": "Kayangel",
    "04": "Hatohobei",
    "01": "Aimeliik",
    "02": "Airai",
    "03": "Angaur",
    "06": "Koror",
    "07": "Melekeok",
    "08": "Ngaraard",
    "12": "Ngchesar",
    "09": "Ngarchelong",
    "10": "Ngardmau",
    "13": "Ngeremlengui",
    "14": "Ngiwal",
    "15": "Peleliu"
  },
  "PY": {
    "17": "San Pedro Department",
    "16": "Presidente Hayes",
    "15": "Paraguarí",
    "13": "Ñeembucú Department",
    "12": "Misiones Department",
    "11": "Itapúa",
    "10": "Guairá",
    "08": "Cordillera Department",
    "07": "Concepción",
    "06": "Central Department",
    "19": "Canindeyú",
    "05": "Caazapá",
    "04": "Caaguazú Department",
    "02": "Amambay Department",
    "01": "Alto Paraná Department",
    "23": "Alto Paraguay",
    "22": "Asunción",
    "24": "Boquerón Department"
  },
  "QA": {
    "08": "Madīnat ash Shamāl",
    "04": "Al Khor",
    "09": "Umm Salal",
    "06": "Baladīyat ar Rayyān",
    "01": "Baladīyat ad Dawḩah",
    "10": "Al Wakrah",
    "13": "Al Daayen",
    "14": "Al-Shahaniya"
  },
  "RE": {
    "RE": "Réunion"
  },
  "RO": {
    "40": "Vrancea",
    "39": "Vâlcea County",
    "38": "Vaslui County",
    "37": "Tulcea County",
    "36": "Timiș County",
    "35": "Teleorman County",
    "34": "Suceava",
    "33": "Sibiu County",
    "32": "Satu Mare County",
    "31": "Sălaj County",
    "30": "Prahova",
    "29": "Olt",
    "28": "Neamț County",
    "27": "Mureș County",
    "26": "Mehedinți County",
    "25": "Maramureş",
    "23": "Iași County",
    "22": "Ialomița County",
    "21": "Hunedoara County",
    "20": "Harghita County",
    "19": "Gorj County",
    "42": "Giurgiu County",
    "18": "Galați County",
    "17": "Dolj",
    "16": "Dâmbovița County",
    "15": "Covasna County",
    "14": "Constanța County",
    "13": "Cluj County",
    "12": "Caraș-Severin County",
    "41": "Călărași County",
    "11": "Buzău County",
    "10": "București",
    "09": "Brașov County",
    "08": "Brăila County",
    "07": "Botoșani County",
    "06": "Bistrița-Năsăud County",
    "05": "Bihor County",
    "04": "Bacău County",
    "03": "Arges",
    "02": "Arad County",
    "01": "Alba County",
    "43": "Ilfov"
  },
  "RS": {
    "VO": "Vojvodina",
    "SE": "Central Serbia"
  },
  "RU": {
    "88": "Yaroslavl Oblast",
    "86": "Voronezh Oblast",
    "85": "Vologda Oblast",
    "84": "Volgograd Oblast",
    "81": "Ulyanovsk",
    "80": "Udmurtiya Republic",
    "77": "Tver Oblast",
    "76": "Tula Oblast",
    "73": "Tatarstan Republic",
    "72": "Tambov Oblast",
    "70": "Stavropol Kray",
    "69": "Smolensk Oblast",
    "67": "Saratov Oblast",
    "65": "Samara Oblast",
    "62": "Ryazan Oblast",
    "61": "Rostov",
    "60": "Pskov Oblast",
    "90": "Perm Krai",
    "57": "Penza Oblast",
    "56": "Oryol oblast",
    "55": "Orenburg Oblast",
    "52": "Novgorod Oblast",
    "68": "North Ossetia–Alania",
    "50": "Nenets",
    "49": "Murmansk",
    "48": "Moscow",
    "47": "Moscow Oblast",
    "46": "Mordoviya Republic",
    "45": "Mariy-El Republic",
    "43": "Lipetsk Oblast",
    "42": "Leningradskaya Oblast'",
    "66": "St.-Petersburg",
    "41": "Kursk Oblast",
    "38": "Krasnodar Krai",
    "37": "Kostroma Oblast",
    "34": "Komi",
    "33": "Kirov Oblast",
    "28": "Karelia",
    "27": "Karachayevo-Cherkesiya Republic",
    "25": "Kaluga Oblast",
    "24": "Kalmykiya Republic",
    "23": "Kaliningrad Oblast",
    "22": "Kabardino-Balkariya Republic",
    "21": "Ivanovo Oblast",
    "19": "Ingushetiya Republic",
    "51": "Nizhny Novgorod Oblast",
    "17": "Dagestan",
    "16": "Chuvash Republic",
    "12": "Chechnya",
    "10": "Bryansk Oblast",
    "09": "Belgorod Oblast",
    "08": "Bashkortostan Republic",
    "07": "Astrakhan Oblast",
    "06": "Arkhangelskaya",
    "01": "Adygeya Republic",
    "83": "Vladimir Oblast",
    "87": "Yamalo-Nenets",
    "78": "Tyumen Oblast",
    "79": "Republic of Tyva",
    "75": "Tomsk Oblast",
    "71": "Sverdlovsk Oblast",
    "54": "Omsk Oblast",
    "53": "Novosibirsk Oblast",
    "40": "Kurgan Oblast",
    "91": "Krasnoyarsk Krai",
    "32": "Khanty-Mansia",
    "31": "Khakasiya Republic",
    "29": "Kuzbass",
    "03": "Altai",
    "13": "Chelyabinsk",
    "04": "Altai Krai",
    "63": "Sakha",
    "59": "Primorye",
    "30": "Khabarovsk",
    "20": "Irkutsk Oblast",
    "89": "Jewish Autonomous Oblast",
    "05": "Amur Oblast",
    "11": "Buryatiya Republic",
    "64": "Sakhalin Oblast",
    "44": "Magadan Oblast",
    "92": "Kamchatka",
    "15": "Chukotka",
    "93": "Zabaykalskiy (Transbaikal) Kray"
  },
  "RW": {
    "11": "Eastern Province",
    "12": "Kigali",
    "13": "Northern Province",
    "14": "Western Province",
    "15": "Southern Province"
  },
  "SA": {
    "19": "Tabuk Region",
    "16": "Najran Region",
    "14": "Mecca Region",
    "17": "Jazan Region",
    "13": "Ha'il Region",
    "11": "'Asir Region",
    "06": "Eastern Province",
    "10": "Riyadh Region",
    "08": "Al-Qassim Region",
    "05": "Medina Region",
    "20": "Al Jawf Region",
    "15": "Northern Borders Region",
    "02": "Al Bahah Region"
  },
  "SB": {
    "11": "Western Province",
    "03": "Malaita Province",
    "07": "Isabel Province",
    "06": "Guadalcanal Province",
    "10": "Central Province",
    "09": "Temotu Province",
    "08": "Makira-Ulawa Province",
    "12": "Choiseul Province",
    "13": "Rennell and Bellona Province",
    "14": "Honiara"
  },
  "SC": {
    "23": "Takamaka",
    "22": "Saint Louis",
    "27": "Port Glaud",
    "20": "Pointe La Rue",
    "19": "Plaisance",
    "18": "Mont Fleuri",
    "17": "Mont Buxton",
    "26": "La Rivière Anglaise",
    "25": "La Digue and Inner Islands",
    "24": "Grand Anse Mahe",
    "14": "Grand Anse Praslin",
    "12": "Glacis",
    "11": "Cascade",
    "10": "Bel Ombre",
    "09": "Bel Air",
    "08": "Beau Vallon",
    "07": "Baie Sainte Anne",
    "06": "Baie Lazare",
    "05": "Anse Royale",
    "03": "Anse Etoile",
    "02": "Anse Boileau",
    "01": "Anse-aux-Pins",
    "29": "Les Mamelles",
    "30": "Roche Caiman",
    "28": "Au Cap",
    "11876017": "Outer Islands",
    "12200079": "Ile Perseverance I",
    "12200080": "Ile Perseverance II"
  },
  "SD": {
    "43": "Northern State",
    "29": "Khartoum",
    "36": "Red Sea",
    "38": "Al Jazirah",
    "39": "Al Qaḑārif",
    "41": "White Nile",
    "42": "Blue Nile",
    "47": "Western Darfur",
    "62": "West Kordofan",
    "49": "Southern Darfur",
    "50": "Southern Kordofan",
    "52": "Kassala",
    "53": "River Nile",
    "55": "Northern Darfur",
    "56": "North Kordofan",
    "58": "Sennar",
    "60": "Eastern Darfur",
    "61": "Central Darfur"
  },
  "SE": {
    "14": "Norrbotten",
    "25": "Västmanland",
    "24": "Västernorrland",
    "23": "Västerbotten",
    "22": "Värmland",
    "21": "Uppsala",
    "26": "Stockholm",
    "18": "Södermanland",
    "16": "Östergötland",
    "15": "Örebro",
    "12": "Kronoberg",
    "10": "Dalarna",
    "09": "Kalmar",
    "08": "Jönköping",
    "07": "Jämtland",
    "06": "Halland",
    "05": "Gotland",
    "03": "Gävleborg",
    "02": "Blekinge",
    "27": "Skåne",
    "28": "Västra Götaland"
  },
  "SH": {
    "01": "Ascension",
    "03": "Tristan da Cunha",
    "02": "Saint Helena"
  },
  "SI": {
    "N5": "Žalec",
    "E7": "Zagorje ob Savi Municipality",
    "E5": "Vrhnika",
    "D5": "Tržič",
    "D4": "Trebnje",
    "D3": "Trbovlje",
    "D2": "Tolmin",
    "D7": "Velenje",
    "C5": "Šmarje pri Jelšah",
    "C4": "Slovenska Konjice",
    "L8": "Slovenska Bistrica",
    "C2": "Slovenj Gradec",
    "B9": "Škofja Loka",
    "B7": "Sežana",
    "B6": "Sevnica Municipality",
    "L7": "Sentjur",
    "L1": "Ribnica",
    "A3": "Radovljica",
    "A2": "Radlje ob Dravi",
    "K7": "Ptuj",
    "94": "Postojna",
    "J9": "Piran-Pirano",
    "87": "Ormož",
    "J7": "Novo Mesto",
    "84": "Nova Gorica",
    "80": "Murska Sobota",
    "79": "Mozirje",
    "73": "Metlika",
    "J2": "Maribor City Municipality",
    "64": "Logatec",
    "I6": "Ljutomer",
    "I5": "Litija",
    "I3": "Lenart",
    "57": "Laško Municipality",
    "54": "Krško",
    "52": "Kranj",
    "50": "Koper-Capodistria",
    "H7": "Kočevje",
    "H6": "Kamnik",
    "H4": "Jesenice",
    "40": "Izola-Isola",
    "38": "Ilirska Bistrica",
    "36": "Idrija",
    "34": "Hrastnik Municipality",
    "32": "Grosuplje",
    "29": "Gornja Radgona",
    "25": "Dravograd",
    "G7": "Domžale",
    "17": "Črnomelj Municipality",
    "13": "Cerknica",
    "11": "Celje",
    "08": "Brežice",
    "01": "Ajdovščina Municipality",
    "35": "Hrpelje-Kozina",
    "19": "Divača",
    "91": "Pivka",
    "I7": "Loška Dolina Municipality",
    "66": "Loški Potok",
    "88": "Osilnica",
    "D8": "Velike Lašče",
    "C1": "Škofljica",
    "37": "Ig Municipality",
    "09": "Brezovica",
    "05": "Borovnica",
    "E1": "Vipava",
    "49": "Komen",
    "J5": "Miren-Kostanjevica",
    "07": "Brda",
    "44": "Kanal ob Soči Municipality",
    "F2": "Žiri",
    "14": "Cerkno",
    "F1": "Železniki Municipality",
    "27": "Občina Gorenja vas-Poljane",
    "G4": "Dobrova-Horjul-Polhov Gradec",
    "46": "Kobarid Municipality",
    "06": "Bovec",
    "04": "Bohinj Municipality",
    "03": "Bled",
    "82": "Naklo",
    "53": "Kranjska Gora",
    "K5": "Preddvor",
    "12": "Cerklje na Gorenjskem",
    "B2": "Šenčur",
    "E3": "Vodice",
    "71": "Medvode",
    "72": "Mengeš",
    "22": "Dol pri Ljubljani",
    "77": "Moravče",
    "30": "Gornji Grad",
    "I9": "Luče",
    "K8": "Ravne na Koroškem",
    "74": "Mežica",
    "81": "Muta",
    "E6": "Vuzenica",
    "16": "Črna na Koroškem Municipality",
    "62": "Ljubno",
    "C7": "Šoštanj",
    "C6": "Šmartno ob Paki",
    "68": "Lukovica",
    "99": "Radeče Municipality",
    "39": "Ivančna Gorica",
    "20": "Dobrepolje",
    "B1": "Semič",
    "B4": "Šentjernej",
    "B8": "Škocjan",
    "C9": "Štore",
    "N3": "Vojnik",
    "E2": "Vitanje",
    "F3": "Zreče Municipality",
    "76": "Mislinja",
    "L3": "Ruše Municipality",
    "55": "Kungota",
    "B3": "Šentilj",
    "89": "Pesnica",
    "26": "Duplek",
    "98": "Rače-Fram",
    "C8": "Starše",
    "45": "Kidričevo",
    "J1": "Majšperk",
    "N2": "Videm",
    "A7": "Rogaška Slatina",
    "A8": "Rogatec",
    "92": "Podčetrtek",
    "51": "Kozje",
    "28": "Gorišnica",
    "E9": "Zavrč",
    "24": "Dornava",
    "42": "Juršinci",
    "D1": "Sveti Jurij",
    "A1": "Radenci",
    "97": "Puconci",
    "A6": "Rogašovci",
    "I2": "Kuzma",
    "31": "Gornji Petrovci",
    "78": "Moravske Toplice",
    "47": "Kobilje",
    "02": "Beltinci",
    "D6": "Turnišče",
    "86": "Odranci",
    "15": "Črenšovci",
    "83": "Nazarje",
    "61": "Ljubljana",
    "N7": "Žirovnica",
    "H5": "Jezersko",
    "M2": "Solčava Municipality",
    "H8": "Komenda",
    "H3": "Horjul",
    "L6": "Šempeter-Vrtojba",
    "F6": "Bloke",
    "M1": "Sodražica",
    "M8": "Trzin",
    "K6": "Prevalje",
    "N4": "Vransko",
    "M5": "Tabor",
    "F7": "Braslovče",
    "K3": "Polzela",
    "K4": "Prebold",
    "H9": "Kostel",
    "N8": "Žužemberk",
    "G6": "Dolenjske Toplice",
    "J6": "Mirna Peč Municipality",
    "F5": "Bistrica ob Sotli",
    "G2": "Dobje",
    "G3": "Dobrna",
    "J8": "Oplotnica Municipality",
    "K2": "Podvelka",
    "L2": "Ribnica na Pohorju",
    "I8": "Lovrenc na Pohorju",
    "L5": "Selnica ob Dravi",
    "H1": "Hoče-Slivnica",
    "J4": "Miklavž na Dravskem Polju",
    "G9": "Hajdina",
    "N6": "Žetale",
    "K1": "Podlehnik",
    "J3": "Markovci",
    "G1": "Destrnik",
    "M7": "Trnovska Vas",
    "M4": "Sveti Andraž v Slovenskih Goricah",
    "F9": "Cerkvenjak",
    "F4": "Benedikt",
    "M3": "Sveta Ana Municipality",
    "I1": "Križevci",
    "N1": "Veržej",
    "M9": "Velika Polana",
    "I4": "Lendava-Lendva",
    "G5": "Dobrovnik-Dobronak",
    "M6": "Tišina",
    "F8": "Cankova",
    "G8": "Grad",
    "H2": "Hodoš-Hodos",
    "K9": "Razkrižje",
    "L9": "Šmartno pri Litiji",
    "L4": "Šalovci",
    "N9": "Apače",
    "O1": "Cirkulane",
    "O3": "Kostanjevica na Krki",
    "O4": "Log–Dragomer",
    "O5": "Makole",
    "O7": "Mokronog-Trebelno Municipality",
    "O8": "Poljčane",
    "O9": "Rečica ob Savinji",
    "P1": "Renče-Vogrsko",
    "P4": "Središče ob Dravi",
    "P5": "Straža",
    "P6": "Sv. Trojica v Slov. Goricah",
    "P8": "Sveti Tomaž",
    "P2": "Šentrupert",
    "P3": "Šmarješke Toplice",
    "P7": "Sveti Jurij v Slovenskih Goricah",
    "O2": "Gorje",
    "P9": "Ankaran Municipality",
    "O6": "Mirna"
  },
  "SJ": {
    "22": "Jan Mayen",
    "21": "Svalbard"
  },
  "SK": {
    "03": "Košice Region",
    "05": "Prešov Region",
    "08": "Žilina Region",
    "01": "Banská Bystrica Region",
    "02": "Bratislava Region",
    "04": "Nitra Region",
    "06": "Trenčín Region",
    "07": "Trnava Region"
  },
  "SL": {
    "04": "Western Area",
    "03": "Southern Province",
    "02": "Northern Province",
    "01": "Eastern Province",
    "05": "North West"
  },
  "SM": {
    "09": "Serravalle",
    "02": "Chiesanuova",
    "07": "San Marino",
    "01": "Acquaviva",
    "06": "Borgo Maggiore",
    "03": "Domagnano",
    "04": "Faetano",
    "05": "Fiorentino",
    "08": "Montegiardino"
  },
  "SN": {
    "12": "Ziguinchor",
    "07": "Thiès",
    "05": "Tambacounda",
    "14": "Saint-Louis",
    "15": "Matam",
    "13": "Louga",
    "11": "Kolda",
    "10": "Kaolack",
    "09": "Fatick",
    "03": "Diourbel Region",
    "01": "Dakar",
    "16": "Kaffrine",
    "17": "Kédougou",
    "18": "Sédhiou"
  },
  "SO": {
    "20": "Woqooyi Galbeed",
    "19": "Togdheer",
    "14": "Lower Shabeelle",
    "13": "Middle Shabele",
    "12": "Sanaag",
    "18": "Nugaal",
    "10": "Mudug",
    "09": "Lower Juba",
    "08": "Middle Juba",
    "07": "Hiiraan",
    "06": "Gedo",
    "05": "Galguduud",
    "04": "Bay",
    "03": "Bari",
    "02": "Banaadir",
    "01": "Bakool",
    "21": "Awdal",
    "22": "Sool"
  },
  "SR": {
    "19": "Wanica District",
    "18": "Sipaliwini District",
    "17": "Saramacca District",
    "16": "Paramaribo District",
    "15": "Para District",
    "14": "Nickerie District",
    "13": "Marowijne District",
    "12": "Coronie District",
    "11": "Commewijne District",
    "10": "Brokopondo District"
  },
  "SS": {
    "07": "Upper Nile",
    "04": "Lakes",
    "06": "Unity",
    "01": "Central Equatoria",
    "10": "Western Equatoria",
    "09": "Western Bahr al Ghazal",
    "03": "Jonglei",
    "05": "Northern Bahr al Ghazal",
    "02": "Eastern Equatoria",
    "08": "Warrap"
  },
  "ST": {
    "02": "São Tomé Island",
    "01": "Príncipe"
  },
  "SV": {
    "14": "Usulután",
    "13": "Sonsonate Department",
    "12": "San Vicente Department",
    "11": "Santa Ana Department",
    "10": "San Salvador Department",
    "09": "San Miguel Department",
    "08": "Morazán",
    "07": "La Unión",
    "06": "La Paz Department",
    "05": "La Libertad Department",
    "04": "Cuscatlán",
    "03": "Chalatenango Department",
    "02": "Cabañas",
    "01": "Ahuachapán"
  },
  "SY": {
    "14": "Tartus",
    "13": "Dimashq",
    "12": "Idlib",
    "11": "Homs",
    "10": "Hama",
    "09": "Aleppo",
    "08": "Rif-dimashq",
    "07": "Deir ez-Zor",
    "06": "Daraa",
    "05": "As-Suwayda",
    "04": "Ar-Raqqah",
    "03": "Quneitra",
    "02": "Latakia",
    "01": "Al-Hasakah"
  },
  "SZ": {
    "04": "Shiselweni",
    "03": "Manzini Region",
    "02": "Lubombo Region",
    "01": "Hhohho Region"
  },
  "TD": {
    "13": "Salamat",
    "12": "Ouadaï",
    "02": "Wadi Fira",
    "14": "Tandjilé",
    "17": "Moyen-Chari",
    "16": "Mayo-Kebbi Est",
    "09": "Logone Oriental",
    "08": "Logone Occidental",
    "07": "Lac",
    "06": "Kanem",
    "05": "Guéra",
    "15": "Chari-Baguirmi",
    "01": "Batha",
    "23": "Borkou",
    "18": "Hadjer-Lamis",
    "19": "Mandoul",
    "20": "Mayo-Kebbi Ouest",
    "21": "N’Djaména",
    "22": "Barh el Gazel",
    "25": "Sila",
    "26": "Tibesti",
    "28": "Ennedi-Ouest",
    "27": "Ennedi-Est"
  },
  "TF": {
    "02": "Crozet",
    "03": "Kerguelen",
    "01": "Saint-Paul-et-Amsterdam",
    "05": "Îles Éparses",
    "04": "Terre-Adélie"
  },
  "TG": {
    "26": "Savanes",
    "25": "Plateaux",
    "24": "Maritime",
    "22": "Centrale",
    "23": "Kara"
  },
  "TH": {
    "15": "Uthai Thani",
    "65": "Trang",
    "08": "Tak",
    "60": "Surat Thani",
    "09": "Sukhothai",
    "52": "Ratchaburi",
    "59": "Ranong province",
    "57": "Prachuap Khiri Khan",
    "62": "Phuket",
    "56": "Phetchaburi",
    "61": "Phang Nga",
    "01": "Mae Hong Son",
    "05": "Lamphun",
    "06": "Lampang",
    "63": "Krabi",
    "50": "Kanchanaburi",
    "11": "Kamphaeng Phet",
    "58": "Chumphon",
    "03": "Chiang Rai",
    "02": "Chiang Mai",
    "72": "Yasothon",
    "70": "Yala",
    "10": "Uttaradit",
    "49": "Trat",
    "29": "Surin",
    "51": "Suphan Buri",
    "68": "Songkhla",
    "30": "Si Sa Ket",
    "33": "Sing Buri",
    "67": "Satun",
    "37": "Saraburi",
    "54": "Samut Songkhram",
    "55": "Samut Sakhon",
    "42": "Samut Prakan",
    "20": "Sakon Nakhon",
    "25": "Roi Et",
    "47": "Rayong",
    "36": "Phra Nakhon Si Ayutthaya",
    "07": "Phrae",
    "12": "Phitsanulok",
    "13": "Phichit",
    "14": "Phetchabun",
    "41": "Phayao",
    "66": "Phatthalung",
    "69": "Pattani",
    "39": "Pathum Thani",
    "38": "Nonthaburi",
    "17": "Nong Khai",
    "31": "Narathiwat",
    "04": "Nan",
    "64": "Nakhon Si Thammarat",
    "16": "Nakhon Sawan",
    "27": "Nakhon Ratchasima",
    "73": "Nakhon Phanom",
    "53": "Nakhon Pathom",
    "43": "Nakhon Nayok",
    "78": "Mukdahan",
    "24": "Maha Sarakham",
    "34": "Lopburi",
    "18": "Loei",
    "40": "Bangkok",
    "22": "Khon Kaen",
    "23": "Kalasin",
    "46": "Chon Buri",
    "48": "Chanthaburi",
    "26": "Chaiyaphum",
    "32": "Chai Nat",
    "44": "Chachoengsao",
    "28": "Buriram",
    "35": "Ang Thong",
    "76": "Udon Thani",
    "74": "Prachin Buri",
    "75": "Ubon Ratchathani",
    "77": "Amnat Charoen",
    "79": "Nong Bua Lamphu",
    "80": "Sa Kaeo",
    "81": "Bueng Kan"
  },
  "TJ": {
    "03": "Sughd",
    "01": "Gorno-Badakhshan",
    "02": "Khatlon Province",
    "RR": "Republican Subordination",
    "04": "Dushanbe"
  },
  "TK": {
    "N": "Nukunonu",
    "F": "Fakaofo",
    "A": "Atafu"
  },
  "TL": {
    "VI": "Viqueque",
    "MF": "Manufahi",
    "MT": "Manatuto",
    "LI": "Liquiçá",
    "LA": "Lautém",
    "CO": "Cova Lima",
    "ER": "Ermera",
    "DI": "Dili Municipality",
    "BO": "Bobonaro",
    "BA": "Baucau",
    "OE": "Oecusse",
    "AN": "Ainaro",
    "AL": "Aileu"
  },
  "TM": {
    "02": "Balkan",
    "01": "Ahal",
    "S": "Ashgabat",
    "03": "Daşoguz",
    "05": "Mary",
    "04": "Lebap"
  },
  "TN": {
    "37": "Zaghouan Governorate",
    "36": "Tunis Governorate",
    "35": "Tozeur Governorate",
    "34": "Tataouine",
    "23": "Sousse Governorate",
    "22": "Siliana Governorate",
    "33": "Sidi Bouzid Governorate",
    "32": "Sfax Governorate",
    "31": "Kebili Governorate",
    "30": "Gafsa",
    "29": "Gabès Governorate",
    "19": "Nabeul Governorate",
    "28": "Medenine Governorate",
    "06": "Jendouba Governorate",
    "27": "Ben Arous Governorate",
    "18": "Bizerte Governorate",
    "17": "Béja Governorate",
    "38": "Ariana Governorate",
    "03": "Kairouan",
    "02": "Kasserine Governorate",
    "16": "Monastir Governorate",
    "15": "Mahdia Governorate",
    "14": "Kef Governorate",
    "39": "Manouba"
  },
  "TO": {
    "03": "Vava‘u",
    "02": "Tongatapu",
    "01": "Ha‘apai",
    "EU": "ʻEua",
    "NI": "Niuas"
  },
  "TR": {
    "66": "Yozgat",
    "65": "Van",
    "64": "Uşak",
    "63": "Şanlıurfa",
    "62": "Tunceli",
    "58": "Sivas",
    "74": "Siirt",
    "73": "Niğde Province",
    "50": "Nevşehir Province",
    "49": "Muş",
    "48": "Muğla",
    "72": "Mardin",
    "45": "Manisa",
    "44": "Malatya",
    "43": "Kütahya",
    "71": "Konya",
    "40": "Kırşehir",
    "38": "Kayseri",
    "46": "Kahramanmaraş",
    "35": "İzmir Province",
    "33": "Isparta",
    "32": "Mersin",
    "31": "Hatay",
    "70": "Hakkâri",
    "83": "Gaziantep",
    "26": "Eskişehir",
    "25": "Erzurum",
    "24": "Erzincan",
    "23": "Elazığ",
    "21": "Diyarbakır Province",
    "20": "Denizli",
    "15": "Burdur",
    "13": "Bitlis",
    "12": "Bingöl",
    "11": "Bilecik",
    "10": "Balıkesir",
    "09": "Aydın",
    "07": "Antalya",
    "68": "Ankara",
    "04": "Ağrı",
    "03": "Afyonkarahisar Province",
    "02": "Adıyaman Province",
    "81": "Adana",
    "91": "Osmaniye",
    "88": "Iğdır",
    "75": "Aksaray",
    "76": "Batman",
    "78": "Karaman",
    "79": "Kırıkkale",
    "80": "Şırnak",
    "90": "Kilis",
    "85": "Zonguldak Province",
    "61": "Trabzon",
    "60": "Tokat Province",
    "59": "Tekirdağ",
    "57": "Sinop",
    "55": "Samsun",
    "54": "Sakarya",
    "53": "Rize Province",
    "52": "Ordu",
    "41": "Kocaeli",
    "39": "Kırklareli",
    "37": "Kastamonu",
    "84": "Kars Province",
    "34": "Istanbul",
    "69": "Gümüşhane Province",
    "28": "Giresun",
    "22": "Edirne",
    "19": "Çorum",
    "82": "Çankırı",
    "17": "Canakkale",
    "16": "Bursa Province",
    "14": "Bolu",
    "08": "Artvin",
    "05": "Amasya",
    "87": "Bartın",
    "89": "Karabük Province",
    "92": "Yalova",
    "86": "Ardahan",
    "77": "Bayburt Province",
    "93": "Düzce"
  },
  "TT": {
    "11": "Tobago",
    "10": "San Fernando",
    "05": "Port of Spain",
    "03": "Mayaro",
    "01": "Borough of Arima",
    "CHA": "Chaguanas",
    "CTT": "Couva-Tabaquite-Talparo",
    "DMN": "Diego Martin Regional Corporation",
    "PED": "Penal/Debe",
    "PRT": "Princes Town",
    "PTF": "Point Fortin",
    "SGE": "Sangre Grande Regional Corporation",
    "SIP": "Siparia Regional Corporation",
    "SJL": "San Juan/Laventille",
    "TUP": "Tunapuna/Piarco"
  },
  "TV": {
    "NUI": "Nui",
    "NMA": "Nanumea",
    "FUN": "Funafuti",
    "NIT": "Niutao",
    "NMG": "Nanumanga",
    "VAI": "Vaitupu",
    "NKF": "Nukufetau",
    "NKL": "Nukulaelae"
  },
  "TW": {
    "01": "Fukien",
    "02": "Takao",
    "03": "Taipei",
    "04": "Taiwan"
  },
  "TZ": {
    "19": "Kagera",
    "25": "Zanzibar Urban/West",
    "22": "Zanzibar North",
    "21": "Zanzibar Central/South",
    "18": "Tanga",
    "17": "Tabora",
    "16": "Singida",
    "15": "Shinyanga",
    "24": "Rukwa",
    "02": "Pwani",
    "20": "Pemba South",
    "13": "Pemba North",
    "12": "Mwanza",
    "10": "Morogoro",
    "09": "Mbeya",
    "08": "Mara",
    "07": "Lindi",
    "06": "Kilimanjaro",
    "05": "Kigoma",
    "04": "Iringa",
    "03": "Dodoma",
    "23": "Dar es Salaam Region",
    "26": "Arusha",
    "27": "Manyara",
    "14": "Ruvuma",
    "11": "Mtwara",
    "31": "Simiyu",
    "28": "Geita",
    "29": "Katavi",
    "30": "Njombe",
    "32": "Songwe"
  },
  "UA": {
    "27": "Zhytomyr",
    "26": "Zaporizhzhia",
    "25": "Zakarpattia",
    "24": "Volyn",
    "23": "Vinnytsia",
    "22": "Ternopil",
    "21": "Sumy",
    "20": "Sevastopol City",
    "19": "Rivne",
    "18": "Poltava",
    "17": "Odessa",
    "16": "Mykolaiv",
    "15": "Lviv",
    "14": "Luhansk",
    "13": "Kiev",
    "12": "Kyiv City",
    "11": "Crimea",
    "10": "Kirovohrad",
    "09": "Khmelnytskyi",
    "08": "Kherson",
    "07": "Kharkivs’ka Oblast’",
    "06": "Ivano-Frankivsk",
    "05": "Donetsk",
    "04": "Dnipropetrovsk",
    "03": "Chernivtsi",
    "02": "Chernihiv",
    "01": "Cherkasy"
  },
  "UG": {
    "C": "Central Region",
    "E": "Eastern Region",
    "N": "Northern Region",
    "W": "Western Region"
  },
  "UM": {
    "450": "Wake Island",
    "350": "Navassa Island",
    "050": "Baker Island",
    "100": "Howland Island",
    "150": "Jarvis Island",
    "200": "Johnston Atoll",
    "250": "Kingman Reef",
    "300": "Midway Islands",
    "400": "Palmyra Atoll"
  },
  "US": {
    "AR": "Arkansas",
    "DC": "District of Columbia",
    "DE": "Delaware",
    "FL": "Florida",
    "GA": "Georgia",
    "KS": "Kansas",
    "LA": "Louisiana",
    "MD": "Maryland",
    "MO": "Missouri",
    "MS": "Mississippi",
    "NC": "North Carolina",
    "OK": "Oklahoma",
    "SC": "South Carolina",
    "TN": "Tennessee",
    "TX": "Texas",
    "WV": "West Virginia",
    "AL": "Alabama",
    "CT": "Connecticut",
    "IA": "Iowa",
    "IL": "Illinois",
    "IN": "Indiana",
    "ME": "Maine",
    "MI": "Michigan",
    "MN": "Minnesota",
    "NE": "Nebraska",
    "NH": "New Hampshire",
    "NJ": "New Jersey",
    "NY": "New York",
    "OH": "Ohio",
    "RI": "Rhode Island",
    "VT": "Vermont",
    "WI": "Wisconsin",
    "CA": "California",
    "CO": "Colorado",
    "NM": "New Mexico",
    "NV": "Nevada",
    "UT": "Utah",
    "AZ": "Arizona",
    "ID": "Idaho",
    "MT": "Montana",
    "ND": "North Dakota",
    "OR": "Oregon",
    "SD": "South Dakota",
    "WA": "Washington",
    "WY": "Wyoming",
    "HI": "Hawaii",
    "AK": "Alaska",
    "KY": "Kentucky",
    "MA": "Massachusetts",
    "PA": "Pennsylvania",
    "VA": "Virginia"
  },
  "UY": {
    "19": "Treinta y Tres Department",
    "18": "Tacuarembó Department",
    "17": "Soriano",
    "16": "San José Department",
    "15": "Salto Department",
    "14": "Rocha Department",
    "13": "Rivera Department",
    "12": "Río Negro Department",
    "11": "Paysandú Department",
    "10": "Montevideo Department",
    "09": "Maldonado",
    "08": "Lavalleja",
    "07": "Florida",
    "06": "Flores Department",
    "05": "Durazno Department",
    "04": "Colonia",
    "03": "Cerro Largo",
    "02": "Canelones",
    "01": "Artigas"
  },
  "UZ": {
    "09": "Karakalpakstan",
    "12": "Surxondaryo Region",
    "10": "Samarqand Region",
    "08": "Qashqadaryo",
    "02": "Bukhara",
    "14": "Tashkent Region",
    "13": "Tashkent",
    "16": "Sirdaryo Region",
    "07": "Navoiy Region",
    "06": "Namangan",
    "05": "Xorazm Region",
    "15": "Jizzakh Region",
    "03": "Fergana",
    "01": "Andijan Region"
  },
  "VC": {
    "05": "Saint Patrick Parish",
    "04": "Saint George Parish",
    "03": "Saint David Parish",
    "02": "Saint Andrew Parish",
    "06": "Grenadines Parish",
    "01": "Charlotte Parish"
  },
  "VE": {
    "23": "Zulia",
    "22": "Yaracuy",
    "21": "Trujillo",
    "20": "Táchira",
    "19": "Sucre",
    "18": "Portuguesa",
    "17": "Nueva Esparta",
    "16": "Monagas",
    "15": "Miranda",
    "14": "Mérida",
    "13": "Lara",
    "12": "Guárico",
    "24": "Dependencias Federales",
    "25": "Distrito Federal",
    "11": "Falcón",
    "09": "Delta Amacuro",
    "08": "Cojedes",
    "07": "Carabobo",
    "06": "Bolívar",
    "05": "Barinas",
    "04": "Aragua",
    "03": "Apure",
    "02": "Anzoátegui",
    "01": "Amazonas",
    "26": "Vargas"
  },
  "VI": {
    "010": "Saint Croix Island",
    "020": "Saint John Island",
    "030": "Saint Thomas Island"
  },
  "VN": {
    "40": "Nghệ An Province",
    "46": "Thừa Thiên Huế Province",
    "38": "Thanh Hóa Province",
    "14": "Sơn La Province",
    "22": "Quảng Ninh",
    "20": "Lạng Sơn Province",
    "12": "Lai Châu Province",
    "42": "Hà Tĩnh Province",
    "01": "Hanoi",
    "04": "Cao Bằng Province",
    "11": "Điện Biên Province",
    "15": "Lao Cai",
    "19": "Thai Nguyen",
    "24": "Bac Ninh",
    "25": "Phu Tho",
    "31": "Hai Phong",
    "33": "Hưng Yên Province",
    "37": "Ninh Binh",
    "44": "Quang Tri",
    "48": "Da Nang City",
    "51": "Quang Ngai",
    "52": "Gia Lai",
    "56": "Khanh Hoa",
    "66": "Dak Lak",
    "68": "Lam Dong",
    "75": "Dong Nai",
    "79": "Ho Chi Minh City (HCMC)",
    "80": "Tay Ninh",
    "82": "Dong Thap",
    "86": "Vinh Long",
    "91": "An Giang",
    "92": "Can Tho City",
    "96": "Ca Mau",
    "08": "Tuyen Quang"
  },
  "VU": {
    "15": "Tafea",
    "13": "Sanma",
    "07": "Torba",
    "16": "Malampa",
    "17": "Penama",
    "18": "Shefa"
  },
  "WF": {
    "98613": "Uvea",
    "98612": "Sigave",
    "98611": "Alo"
  },
  "WS": {
    "11": "Vaisigano",
    "06": "Va'a-o-Fonoti",
    "10": "Tuamasaga",
    "09": "Satupa'itea",
    "08": "Palauli",
    "07": "Gaga'ifomauga",
    "05": "Gaga'emauga",
    "04": "Fa'asaleleaga",
    "03": "Atua",
    "02": "Aiga-i-le-Tai",
    "01": "A'ana"
  },
  "XK": {
    "10096138": "Ferizaj",
    "10096859": "Gjakova",
    "10097357": "Gjilan",
    "10097358": "Mitrovica",
    "10097359": "Pec",
    "10097360": "Pristina",
    "10097361": "Prizren"
  },
  "YE": {
    "25": "Ta‘izz",
    "05": "Shabwah",
    "16": "Sanaa Governorate",
    "15": "Şa‘dah",
    "27": "Raymah",
    "14": "Ma’rib",
    "10": "Al Mahwit Governorate",
    "21": "Al Jawf",
    "04": "Muhafazat Hadramaout",
    "11": "Dhamār",
    "03": "Al Mahrah Governorate",
    "08": "Al Hudaydah",
    "20": "Al Bayda",
    "02": "Aden",
    "01": "Abyan Governorate",
    "18": "Aḑ Ḑāli‘",
    "19": "Omran",
    "22": "Ḩajjah",
    "23": "Ibb Governorate",
    "24": "Laḩij",
    "26": "Amanat Alasimah",
    "28": "Soqatra"
  },
  "YT": {
    "97601": "Acoua",
    "97602": "Bandraboua",
    "97603": "Bandrele",
    "97604": "Bouéni",
    "97605": "Chiconi",
    "97606": "Chirongui",
    "97607": "Dembeni",
    "97608": "Dzaoudzi",
    "97609": "Kani-Kéli",
    "97610": "Koungou",
    "97611": "Mamoudzou",
    "97612": "Mtsamboro",
    "97613": "M'Tsangamouji",
    "97614": "Ouangani",
    "97615": "Pamandzi",
    "97616": "Sada",
    "97617": "Tsingoni"
  },
  "ZA": {
    "03": "Free State",
    "02": "KwaZulu-Natal",
    "05": "Eastern Cape",
    "06": "Gauteng",
    "07": "Mpumalanga",
    "08": "Northern Cape",
    "09": "Limpopo",
    "10": "North West",
    "11": "Western Cape"
  },
  "ZM": {
    "01": "Western Province",
    "07": "Southern Province",
    "06": "North-Western",
    "05": "Northern Province",
    "09": "Lusaka Province",
    "04": "Luapula Province",
    "03": "Eastern Province",
    "08": "Copperbelt",
    "02": "Central Province",
    "10": "Muchinga"
  },
  "ZW": {
    "02": "Midlands Province",
    "07": "Matabeleland South Province",
    "06": "Matabeleland North",
    "08": "Masvingo Province",
    "05": "Mashonaland West",
    "04": "Mashonaland East Province",
    "03": "Mashonaland Central",
    "01": "Manicaland",
    "09": "Bulawayo",
    "10": "Harare"
  }
}